﻿<?xml version="1.0" encoding="utf-8"?><toc><breadcrumbs><li><a href="d75eb659-6335-53f6-af7a-81814a21ab7f.htm">Docs</a></li><li><a href="d75eb659-6335-53f6-af7a-81814a21ab7f.htm">Contatcs</a></li></breadcrumbs><tocItems><li><a id="7de0b57c-7865-a97d-9a73-40821922075f" class="has-submenu" href="7de0b57c-7865-a97d-9a73-40821922075f.htm"><span data-tocFile="../toc/IDAA.xml" class="icon toggle" onclick="ToggleExpandCollapse(this); return false;"><i class="fa fa-angle-right"> </i></span>Gestion<wbr />Absences.<wbr />Win<wbr />Forms</a><ul class="toc-menu is-hidden"> </ul></li><li><a id="ea06bb13-6793-1d27-d84e-fb4b200230c6" class="has-submenu" href="ea06bb13-6793-1d27-d84e-fb4b200230c6.htm"><span data-tocFile="../toc/IDBA.xml" class="icon toggle" onclick="ToggleExpandCollapse(this); return false;"><i class="fa fa-angle-right"> </i></span>Gestion<wbr />Absences.<wbr />Win<wbr />Forms.<wbr />bddmanager</a><ul class="toc-menu is-hidden"> </ul></li><li><a id="9dbc64a2-9c60-710d-d384-50245f5b47e1" class="has-submenu" href="9dbc64a2-9c60-710d-d384-50245f5b47e1.htm"><span data-tocFile="../toc/IDCA.xml" class="icon toggle" onclick="ToggleExpandCollapse(this); return false;"><i class="fa fa-angle-right"> </i></span>Gestion<wbr />Absences.<wbr />Win<wbr />Forms.<wbr />controller</a><ul class="toc-menu is-hidden"> </ul></li><li><a id="450a8194-cd2b-59d3-d3b4-e51eb2cf18af" class="has-submenu" href="450a8194-cd2b-59d3-d3b4-e51eb2cf18af.htm"><span data-tocFile="../toc/IDDA.xml" class="icon toggle" onclick="ToggleExpandCollapse(this); return false;"><i class="fa fa-angle-right"> </i></span>Gestion<wbr />Absences.<wbr />Win<wbr />Forms.<wbr />dal</a><ul class="toc-menu is-hidden"> </ul></li><li><a id="d2274622-4301-7385-b0f4-8635b1da2d6d" class="has-submenu" href="d2274622-4301-7385-b0f4-8635b1da2d6d.htm"><span data-tocFile="../toc/IDEA.xml" class="icon toggle" onclick="ToggleExpandCollapse(this); return false;"><i class="fa fa-angle-right"> </i></span>Gestion<wbr />Absences.<wbr />Win<wbr />Forms.<wbr />model</a><ul class="toc-menu is-hidden"> </ul></li><li><a id="3e672d5a-d506-a9dc-6869-baee97e0c170" class="has-submenu" href="3e672d5a-d506-a9dc-6869-baee97e0c170.htm"><span data-tocFile="../toc/IDFA.xml" class="icon toggle" onclick="ToggleExpandCollapse(this); return false;"><i class="fa fa-angle-right"> </i></span>Gestion<wbr />Absences.<wbr />Win<wbr />Forms.<wbr />Modele</a><ul class="toc-menu is-hidden"> </ul></li><li><a id="f61e935d-571e-6e3f-e6d6-357abdab30ae" class="has-submenu" href="f61e935d-571e-6e3f-e6d6-357abdab30ae.htm"><span data-tocFile="../toc/IDGA.xml" class="icon toggle" onclick="ToggleExpandCollapse(this); return false;"><i class="fa fa-angle-right"> </i></span>Gestion<wbr />Absences.<wbr />Win<wbr />Forms.<wbr />utils</a><ul class="toc-menu is-hidden"> </ul></li><li><a id="9b3d7abf-dec1-7845-b3dd-f494617ffb28" class="has-submenu" href="9b3d7abf-dec1-7845-b3dd-f494617ffb28.htm"><span data-tocFile="../toc/IDHA.xml" class="icon toggle" onclick="ToggleExpandCollapse(this); return false;"><i class="fa fa-angle-right"> </i></span>Gestion<wbr />Absences.<wbr />Win<wbr />Forms.<wbr />view</a><ul class="toc-menu is-hidden"> </ul></li></tocItems></toc>