﻿<?xml version="1.0" encoding="utf-8"?><toc><breadcrumbs><li><a href="d75eb659-6335-53f6-af7a-81814a21ab7f.htm">Docs</a></li><li><a href="d75eb659-6335-53f6-af7a-81814a21ab7f.htm">Contatcs</a></li><li><a href="7de0b57c-7865-a97d-9a73-40821922075f.htm">Gestion<wbr />Absences.<wbr />Win<wbr />Forms</a></li><li><a href="bc8be094-3bac-199e-378d-d202278b8afc.htm">Program</a></li><li><a href="74baeb7f-661c-38ef-c388-b151ff4525f3.htm">Methods</a></li></breadcrumbs><tocItems><li><a id="48bcdfec-13d9-f3b5-9fd8-469ccfca80ca" href="48bcdfec-13d9-f3b5-9fd8-469ccfca80ca.htm">Main</a></li></tocItems></toc>