﻿<?xml version="1.0" encoding="utf-8"?><toc><breadcrumbs><li><a href="d75eb659-6335-53f6-af7a-81814a21ab7f.htm">Docs</a></li><li><a href="d75eb659-6335-53f6-af7a-81814a21ab7f.htm">Contatcs</a></li><li><a href="7de0b57c-7865-a97d-9a73-40821922075f.htm">Gestion<wbr />Absences.<wbr />Win<wbr />Forms</a></li></breadcrumbs><tocItems><li><a id="bc8be094-3bac-199e-378d-d202278b8afc" class="has-submenu" href="bc8be094-3bac-199e-378d-d202278b8afc.htm"><span data-tocFile="../toc/IDAAA.xml" class="icon toggle" onclick="ToggleExpandCollapse(this); return false;"><i class="fa fa-angle-right"> </i></span>Program</a><ul class="toc-menu is-hidden"> </ul></li></tocItems></toc>