﻿<?xml version="1.0" encoding="utf-8"?><toc><breadcrumbs><li><a href="d75eb659-6335-53f6-af7a-81814a21ab7f.htm">Docs</a></li><li><a href="d75eb659-6335-53f6-af7a-81814a21ab7f.htm">Contatcs</a></li><li><a href="f61e935d-571e-6e3f-e6d6-357abdab30ae.htm">Gestion<wbr />Absences.<wbr />Win<wbr />Forms.<wbr />utils</a></li><li><a href="8f77eeaf-0f64-1853-b8fb-da447ae6421d.htm">Password<wbr />Hasher</a></li><li><a href="289a1946-8d95-aa65-1370-1e3662fc68c5.htm">Methods</a></li></breadcrumbs><tocItems><li><a id="13d9b1b2-2734-25d3-0189-19db0d2eea89" href="13d9b1b2-2734-25d3-0189-19db0d2eea89.htm">Hash<wbr />Password</a></li></tocItems></toc>