﻿<?xml version="1.0" encoding="utf-8"?><toc><breadcrumbs><li><a href="d75eb659-6335-53f6-af7a-81814a21ab7f.htm">Docs</a></li><li><a href="d75eb659-6335-53f6-af7a-81814a21ab7f.htm">Contatcs</a></li><li><a href="ea06bb13-6793-1d27-d84e-fb4b200230c6.htm">Gestion<wbr />Absences.<wbr />Win<wbr />Forms.<wbr />bddmanager</a></li><li><a href="b30d87b0-2ff7-7ae6-9092-416e3580a307.htm">Bdd<wbr />Manager</a></li></breadcrumbs><tocItems><li><a id="f40bad15-2ced-3852-b505-5bdaa9be3410" href="f40bad15-2ced-3852-b505-5bdaa9be3410.htm">Constructor</a></li><li><a id="e7de7d3f-c304-07c4-3560-008aaccb9a48" class="has-submenu" href="e7de7d3f-c304-07c4-3560-008aaccb9a48.htm"><span data-tocFile="../toc/IDBABA.xml" class="icon toggle" onclick="ToggleExpandCollapse(this); return false;"><i class="fa fa-angle-right"> </i></span>Methods</a><ul class="toc-menu is-hidden"> </ul></li><li><a id="50ea2c3b-f25a-cd5e-b3df-0381dade131f" class="has-submenu" href="50ea2c3b-f25a-cd5e-b3df-0381dade131f.htm"><span data-tocFile="../toc/IDCABA.xml" class="icon toggle" onclick="ToggleExpandCollapse(this); return false;"><i class="fa fa-angle-right"> </i></span>Fields</a><ul class="toc-menu is-hidden"> </ul></li></tocItems></toc>