﻿<?xml version="1.0" encoding="utf-8"?><toc><breadcrumbs><li><a href="d75eb659-6335-53f6-af7a-81814a21ab7f.htm">Docs</a></li><li><a href="d75eb659-6335-53f6-af7a-81814a21ab7f.htm">Contatcs</a></li><li><a href="9dbc64a2-9c60-710d-d384-50245f5b47e1.htm">Gestion<wbr />Absences.<wbr />Win<wbr />Forms.<wbr />controller</a></li><li><a href="0ccba653-04dc-61d7-68db-6bba8f193054.htm">Authentification<wbr />Controller</a></li></breadcrumbs><tocItems><li><a id="91222757-6adc-5e6f-2e9a-fc6cfd4bd3c5" href="91222757-6adc-5e6f-2e9a-fc6cfd4bd3c5.htm">Constructor</a></li><li><a id="fee6b81d-bfa7-acf5-a273-5e606868a4bb" class="has-submenu" href="fee6b81d-bfa7-acf5-a273-5e606868a4bb.htm"><span data-tocFile="../toc/IDBACA.xml" class="icon toggle" onclick="ToggleExpandCollapse(this); return false;"><i class="fa fa-angle-right"> </i></span>Methods</a><ul class="toc-menu is-hidden"> </ul></li><li><a id="43a5bd14-65d5-83de-f0f0-3f2547fb4da6" class="has-submenu" href="43a5bd14-65d5-83de-f0f0-3f2547fb4da6.htm"><span data-tocFile="../toc/IDCACA.xml" class="icon toggle" onclick="ToggleExpandCollapse(this); return false;"><i class="fa fa-angle-right"> </i></span>Fields</a><ul class="toc-menu is-hidden"> </ul></li></tocItems></toc>