﻿<?xml version="1.0" encoding="utf-8"?><toc><breadcrumbs><li><a href="d75eb659-6335-53f6-af7a-81814a21ab7f.htm">Docs</a></li><li><a href="d75eb659-6335-53f6-af7a-81814a21ab7f.htm">Contatcs</a></li><li><a href="450a8194-cd2b-59d3-d3b4-e51eb2cf18af.htm">Gestion<wbr />Absences.<wbr />Win<wbr />Forms.<wbr />dal</a></li><li><a href="82a2c6a7-71a6-afed-0b31-78febc6faf4c.htm">Absence<wbr />Dal</a></li></breadcrumbs><tocItems><li><a id="20038413-1c3f-6e31-bfbd-8627b10e084c" href="20038413-1c3f-6e31-bfbd-8627b10e084c.htm">Constructor</a></li><li><a id="4780ad66-7e7d-87d0-cbe9-319ad07c6e33" class="has-submenu" href="4780ad66-7e7d-87d0-cbe9-319ad07c6e33.htm"><span data-tocFile="../toc/IDBADA.xml" class="icon toggle" onclick="ToggleExpandCollapse(this); return false;"><i class="fa fa-angle-right"> </i></span>Methods</a><ul class="toc-menu is-hidden"> </ul></li><li><a id="9a857815-5125-9fc5-63e2-1b33cb9b3ba4" class="has-submenu" href="9a857815-5125-9fc5-63e2-1b33cb9b3ba4.htm"><span data-tocFile="../toc/IDCADA.xml" class="icon toggle" onclick="ToggleExpandCollapse(this); return false;"><i class="fa fa-angle-right"> </i></span>Fields</a><ul class="toc-menu is-hidden"> </ul></li></tocItems></toc>