﻿<?xml version="1.0" encoding="utf-8"?><toc><breadcrumbs><li><a href="d75eb659-6335-53f6-af7a-81814a21ab7f.htm">Docs</a></li><li><a href="d75eb659-6335-53f6-af7a-81814a21ab7f.htm">Contatcs</a></li><li><a href="d2274622-4301-7385-b0f4-8635b1da2d6d.htm">Gestion<wbr />Absences.<wbr />Win<wbr />Forms.<wbr />model</a></li><li><a href="c47acd7e-e5ac-27fa-d6fc-c43cdc772a55.htm">Utilisateur</a></li></breadcrumbs><tocItems><li><a id="95170666-f0b8-3645-55d7-44e8ddd2faf9" href="95170666-f0b8-3645-55d7-44e8ddd2faf9.htm">Constructor</a></li><li><a id="30734f7e-4601-f9f3-70a0-d474fc49aa36" class="has-submenu" href="30734f7e-4601-f9f3-70a0-d474fc49aa36.htm"><span data-tocFile="../toc/IDBAEA.xml" class="icon toggle" onclick="ToggleExpandCollapse(this); return false;"><i class="fa fa-angle-right"> </i></span>Properties</a><ul class="toc-menu is-hidden"> </ul></li><li><a id="f4e20714-a411-f5a1-308c-c3595e537e2a" href="f4e20714-a411-f5a1-308c-c3595e537e2a.htm">Methods</a></li></tocItems></toc>