﻿<?xml version="1.0" encoding="utf-8"?><toc><breadcrumbs><li><a href="d75eb659-6335-53f6-af7a-81814a21ab7f.htm">Docs</a></li><li><a href="d75eb659-6335-53f6-af7a-81814a21ab7f.htm">Contatcs</a></li><li><a href="3e672d5a-d506-a9dc-6869-baee97e0c170.htm">Gestion<wbr />Absences.<wbr />Win<wbr />Forms.<wbr />Modele</a></li><li><a href="04fa564c-e4f2-4fe4-9bcf-0446ade1cec4.htm">Absence</a></li></breadcrumbs><tocItems><li><a id="6dacf461-5b6a-3141-75fd-2a3b3b554fd4" href="6dacf461-5b6a-3141-75fd-2a3b3b554fd4.htm">Constructor</a></li><li><a id="90706203-278b-c39a-2425-1e234570b1eb" class="has-submenu" href="90706203-278b-c39a-2425-1e234570b1eb.htm"><span data-tocFile="../toc/IDBAFA.xml" class="icon toggle" onclick="ToggleExpandCollapse(this); return false;"><i class="fa fa-angle-right"> </i></span>Properties</a><ul class="toc-menu is-hidden"> </ul></li><li><a id="baaa9bc1-02bc-74f3-3b53-db896dd54406" href="baaa9bc1-02bc-74f3-3b53-db896dd54406.htm">Methods</a></li></tocItems></toc>