﻿<?xml version="1.0" encoding="utf-8"?><toc><breadcrumbs><li><a href="d75eb659-6335-53f6-af7a-81814a21ab7f.htm">Docs</a></li><li><a href="d75eb659-6335-53f6-af7a-81814a21ab7f.htm">Contatcs</a></li><li><a href="9b3d7abf-dec1-7845-b3dd-f494617ffb28.htm">Gestion<wbr />Absences.<wbr />Win<wbr />Forms.<wbr />view</a></li><li><a href="ff038452-95f7-66c8-9001-7277fe595ffa.htm">Form<wbr />Absence</a></li></breadcrumbs><tocItems><li><a id="533c4472-2e22-30af-6068-10bf477661d4" href="533c4472-2e22-30af-6068-10bf477661d4.htm">Constructor</a></li><li><a id="d5e23e3d-d036-8fd0-5f4f-a519c0d50ccd" href="d5e23e3d-d036-8fd0-5f4f-a519c0d50ccd.htm">Properties</a></li><li><a id="ef8a627f-1e71-cf52-05fa-12aa7b35a19a" class="has-submenu" href="ef8a627f-1e71-cf52-05fa-12aa7b35a19a.htm"><span data-tocFile="../toc/IDCAHA.xml" class="icon toggle" onclick="ToggleExpandCollapse(this); return false;"><i class="fa fa-angle-right"> </i></span>Methods</a><ul class="toc-menu is-hidden"> </ul></li><li><a id="b1dbc703-9972-17cc-dca7-750fa44e561b" href="b1dbc703-9972-17cc-dca7-750fa44e561b.htm">Events</a></li><li><a id="ed9a4213-1d8d-371e-f07d-f91816393db9" class="has-submenu" href="ed9a4213-1d8d-371e-f07d-f91816393db9.htm"><span data-tocFile="../toc/IDEAHA.xml" class="icon toggle" onclick="ToggleExpandCollapse(this); return false;"><i class="fa fa-angle-right"> </i></span>Fields</a><ul class="toc-menu is-hidden"> </ul></li></tocItems></toc>