﻿<?xml version="1.0" encoding="utf-8"?><toc><breadcrumbs><li><a href="d75eb659-6335-53f6-af7a-81814a21ab7f.htm">Docs</a></li><li><a href="d75eb659-6335-53f6-af7a-81814a21ab7f.htm">Contatcs</a></li><li><a href="9dbc64a2-9c60-710d-d384-50245f5b47e1.htm">Gestion<wbr />Absences.<wbr />Win<wbr />Forms.<wbr />controller</a></li><li><a href="0ccba653-04dc-61d7-68db-6bba8f193054.htm">Authentification<wbr />Controller</a></li><li><a href="fee6b81d-bfa7-acf5-a273-5e606868a4bb.htm">Methods</a></li></breadcrumbs><tocItems><li><a id="02171e47-83c8-7724-7df3-abb5bceaf709" href="02171e47-83c8-7724-7df3-abb5bceaf709.htm">Se<wbr />Connecter</a></li></tocItems></toc>