﻿<?xml version="1.0" encoding="utf-8"?><toc><breadcrumbs><li><a href="d75eb659-6335-53f6-af7a-81814a21ab7f.htm">Docs</a></li><li><a href="d75eb659-6335-53f6-af7a-81814a21ab7f.htm">Contatcs</a></li><li><a href="ea06bb13-6793-1d27-d84e-fb4b200230c6.htm">Gestion<wbr />Absences.<wbr />Win<wbr />Forms.<wbr />bddmanager</a></li></breadcrumbs><tocItems><li><a id="b30d87b0-2ff7-7ae6-9092-416e3580a307" class="has-submenu" href="b30d87b0-2ff7-7ae6-9092-416e3580a307.htm"><span data-tocFile="../toc/IDABA.xml" class="icon toggle" onclick="ToggleExpandCollapse(this); return false;"><i class="fa fa-angle-right"> </i></span>Bdd<wbr />Manager</a><ul class="toc-menu is-hidden"> </ul></li></tocItems></toc>