﻿<?xml version="1.0" encoding="utf-8"?><toc><breadcrumbs><li><a href="d75eb659-6335-53f6-af7a-81814a21ab7f.htm">Docs</a></li><li><a href="d75eb659-6335-53f6-af7a-81814a21ab7f.htm">Contatcs</a></li><li><a href="450a8194-cd2b-59d3-d3b4-e51eb2cf18af.htm">Gestion<wbr />Absences.<wbr />Win<wbr />Forms.<wbr />dal</a></li><li><a href="82a2c6a7-71a6-afed-0b31-78febc6faf4c.htm">Absence<wbr />Dal</a></li><li><a href="4780ad66-7e7d-87d0-cbe9-319ad07c6e33.htm">Methods</a></li></breadcrumbs><tocItems><li><a id="e61e7a90-65a2-9403-b7e9-63c66cefae9b" href="e61e7a90-65a2-9403-b7e9-63c66cefae9b.htm">Ajouter<wbr />Absence</a></li><li><a id="7736d537-7fea-3bbb-d6c7-150c3ee35813" href="7736d537-7fea-3bbb-d6c7-150c3ee35813.htm">Existe<wbr />Absence<wbr />Dans<wbr />Periode</a></li><li><a id="17134d30-da90-01b0-d5ef-919304c7d74c" href="17134d30-da90-01b0-d5ef-919304c7d74c.htm">Existe<wbr />Absence<wbr />Dans<wbr />Periode<wbr />Modif</a></li><li><a id="a29d328c-eff6-f0fe-0cca-7fa5fc6cb183" href="a29d328c-eff6-f0fe-0cca-7fa5fc6cb183.htm">Get<wbr />Absences<wbr />By<wbr />Personnel</a></li><li><a id="9008cdbc-6635-0cfb-0d68-f1123a9f529d" href="9008cdbc-6635-0cfb-0d68-f1123a9f529d.htm">Get<wbr />All<wbr />Absences</a></li><li><a id="c4663602-8e49-707c-906d-c069d82c457a" href="c4663602-8e49-707c-906d-c069d82c457a.htm">Modifier<wbr />Absence</a></li><li><a id="5fcc6679-a1c2-ffa4-9df9-5a857e5b4090" href="5fcc6679-a1c2-ffa4-9df9-5a857e5b4090.htm">Supprimer<wbr />Absence</a></li></tocItems></toc>