﻿<?xml version="1.0" encoding="utf-8"?><toc><breadcrumbs><li><a href="d75eb659-6335-53f6-af7a-81814a21ab7f.htm">Docs</a></li><li><a href="d75eb659-6335-53f6-af7a-81814a21ab7f.htm">Contatcs</a></li><li><a href="ea06bb13-6793-1d27-d84e-fb4b200230c6.htm">Gestion<wbr />Absences.<wbr />Win<wbr />Forms.<wbr />bddmanager</a></li><li><a href="b30d87b0-2ff7-7ae6-9092-416e3580a307.htm">Bdd<wbr />Manager</a></li><li><a href="e7de7d3f-c304-07c4-3560-008aaccb9a48.htm">Methods</a></li></breadcrumbs><tocItems><li><a id="f9fba0b0-7e51-f4d8-219d-ecab2d9a2791" href="f9fba0b0-7e51-f4d8-219d-ecab2d9a2791.htm">Get<wbr />Instance</a></li><li><a id="7b8ebdb4-0dc2-4ff8-1c8e-bd59ab9bb083" href="7b8ebdb4-0dc2-4ff8-1c8e-bd59ab9bb083.htm">Req<wbr />Select</a></li><li><a id="a138077c-a83e-7d7c-609d-75e41561c142" href="a138077c-a83e-7d7c-609d-75e41561c142.htm">Req<wbr />Update</a></li></tocItems></toc>