﻿<?xml version="1.0" encoding="utf-8"?><toc><breadcrumbs><li><a href="d75eb659-6335-53f6-af7a-81814a21ab7f.htm">Docs</a></li><li><a href="d75eb659-6335-53f6-af7a-81814a21ab7f.htm">Contatcs</a></li><li><a href="3e672d5a-d506-a9dc-6869-baee97e0c170.htm">Gestion<wbr />Absences.<wbr />Win<wbr />Forms.<wbr />Modele</a></li><li><a href="04fa564c-e4f2-4fe4-9bcf-0446ade1cec4.htm">Absence</a></li><li><a href="90706203-278b-c39a-2425-1e234570b1eb.htm">Properties</a></li></breadcrumbs><tocItems><li><a id="3736c8e1-84d3-5123-f7e9-39e9d76ae347" href="3736c8e1-84d3-5123-f7e9-39e9d76ae347.htm">Date<wbr />Absence</a></li><li><a id="337afa86-f44b-c532-f821-88e7522c5eba" href="337afa86-f44b-c532-f821-88e7522c5eba.htm">datedebut</a></li><li><a id="162f998d-ac0d-5f5c-81cf-eafce2a2e6d9" href="162f998d-ac0d-5f5c-81cf-eafce2a2e6d9.htm">datefin</a></li><li><a id="a0b1bb7c-a3a1-b802-142a-a5ad3b5221e5" href="a0b1bb7c-a3a1-b802-142a-a5ad3b5221e5.htm">idabsence</a></li><li><a id="c44bead4-6f89-5021-6fe1-0d566f7bc63c" href="c44bead4-6f89-5021-6fe1-0d566f7bc63c.htm">idmotif</a></li><li><a id="efc2351a-2e9b-ca3c-ba43-8fc22f21a863" href="efc2351a-2e9b-ca3c-ba43-8fc22f21a863.htm">idpersonnel</a></li></tocItems></toc>