﻿<?xml version="1.0" encoding="utf-8"?><toc><breadcrumbs><li><a href="d75eb659-6335-53f6-af7a-81814a21ab7f.htm">Docs</a></li><li><a href="d75eb659-6335-53f6-af7a-81814a21ab7f.htm">Contatcs</a></li><li><a href="d2274622-4301-7385-b0f4-8635b1da2d6d.htm">Gestion<wbr />Absences.<wbr />Win<wbr />Forms.<wbr />model</a></li><li><a href="c47acd7e-e5ac-27fa-d6fc-c43cdc772a55.htm">Utilisateur</a></li><li><a href="30734f7e-4601-f9f3-70a0-d474fc49aa36.htm">Properties</a></li></breadcrumbs><tocItems><li><a id="43f25a4d-d3f4-af12-d657-5965aba594d2" href="43f25a4d-d3f4-af12-d657-5965aba594d2.htm">Login</a></li><li><a id="bdf24b3b-947f-a328-c3e8-e1f704062da3" href="bdf24b3b-947f-a328-c3e8-e1f704062da3.htm">Password</a></li></tocItems></toc>