﻿<?xml version="1.0" encoding="utf-8"?><toc><breadcrumbs><li><a href="d75eb659-6335-53f6-af7a-81814a21ab7f.htm">Docs</a></li><li><a href="d75eb659-6335-53f6-af7a-81814a21ab7f.htm">Contatcs</a></li><li><a href="450a8194-cd2b-59d3-d3b4-e51eb2cf18af.htm">Gestion<wbr />Absences.<wbr />Win<wbr />Forms.<wbr />dal</a></li><li><a href="a406073f-2495-af41-bec9-86296833806b.htm">Dal<wbr />Base</a></li><li><a href="42fdbcb1-ddb9-6703-718f-73ea18416130.htm">Properties</a></li></breadcrumbs><tocItems><li><a id="184059d7-6105-d997-df4e-4835a27e1bc2" href="184059d7-6105-d997-df4e-4835a27e1bc2.htm">Connection<wbr />String</a></li></tocItems></toc>