﻿<?xml version="1.0" encoding="utf-8"?><toc><breadcrumbs><li><a href="d75eb659-6335-53f6-af7a-81814a21ab7f.htm">Docs</a></li><li><a href="d75eb659-6335-53f6-af7a-81814a21ab7f.htm">Contatcs</a></li><li><a href="3e672d5a-d506-a9dc-6869-baee97e0c170.htm">Gestion<wbr />Absences.<wbr />Win<wbr />Forms.<wbr />Modele</a></li><li><a href="d737925b-3610-3cd9-b7bc-f80c1b2fdf03.htm">Motif</a></li><li><a href="939278c1-b64c-4a95-5af1-ecc20e028c8f.htm">Properties</a></li></breadcrumbs><tocItems><li><a id="573f10e6-8001-b307-bcb3-2a6d43bc5a2d" href="573f10e6-8001-b307-bcb3-2a6d43bc5a2d.htm">Id<wbr />Motif</a></li><li><a id="297f809b-ea67-28eb-e0c3-c9a94a3ac18a" href="297f809b-ea67-28eb-e0c3-c9a94a3ac18a.htm">Libelle</a></li></tocItems></toc>