﻿<?xml version="1.0" encoding="utf-8"?><toc><breadcrumbs><li><a href="d75eb659-6335-53f6-af7a-81814a21ab7f.htm">Docs</a></li><li><a href="d75eb659-6335-53f6-af7a-81814a21ab7f.htm">Contatcs</a></li><li><a href="9b3d7abf-dec1-7845-b3dd-f494617ffb28.htm">Gestion<wbr />Absences.<wbr />Win<wbr />Forms.<wbr />view</a></li><li><a href="ffde8865-d9d4-6ded-fc1b-54693a261083.htm">Form<wbr />Toute<wbr />Absences</a></li><li><a href="c52faf34-16bd-500e-e68a-57398f19fd80.htm">Methods</a></li><li><a href="462c6f08-e072-7058-299c-7b5b457c363c.htm">Dispose</a></li></breadcrumbs><tocItems><li><a id="019e966e-6bed-4a74-bf09-c52444906763" href="019e966e-6bed-4a74-bf09-c52444906763.htm">Dispose(<wbr />Boolean)</a></li></tocItems></toc>