﻿<?xml version="1.0" encoding="utf-8"?><toc><breadcrumbs><li><a href="d75eb659-6335-53f6-af7a-81814a21ab7f.htm">Docs</a></li><li><a href="d75eb659-6335-53f6-af7a-81814a21ab7f.htm">Contatcs</a></li><li><a href="450a8194-cd2b-59d3-d3b4-e51eb2cf18af.htm">Gestion<wbr />Absences.<wbr />Win<wbr />Forms.<wbr />dal</a></li><li><a href="c3ffd82f-164b-bb74-be94-ec58f0b4cd10.htm">Personnel<wbr />Dal</a></li><li><a href="fb565579-ee95-a153-85fd-52e5d24c2a22.htm">Methods</a></li></breadcrumbs><tocItems><li><a id="26bb14fb-a134-6966-bd37-c17054bc2725" href="26bb14fb-a134-6966-bd37-c17054bc2725.htm">Ajouter<wbr />Personnel</a></li><li><a id="451b9157-6017-cab9-b75e-569abb370679" href="451b9157-6017-cab9-b75e-569abb370679.htm">Get<wbr />All<wbr />Personnel</a></li><li><a id="db856dc4-e5f8-6360-85af-895fbc28eff4" href="db856dc4-e5f8-6360-85af-895fbc28eff4.htm">Modifier<wbr />Personnel</a></li><li><a id="552ddb03-0c1b-600b-7147-00baf286a404" href="552ddb03-0c1b-600b-7147-00baf286a404.htm">Supprimer<wbr />Personnel</a></li></tocItems></toc>