﻿<?xml version="1.0" encoding="utf-8"?><toc><breadcrumbs><li><a href="d75eb659-6335-53f6-af7a-81814a21ab7f.htm">Docs</a></li><li><a href="d75eb659-6335-53f6-af7a-81814a21ab7f.htm">Contatcs</a></li><li><a href="9b3d7abf-dec1-7845-b3dd-f494617ffb28.htm">Gestion<wbr />Absences.<wbr />Win<wbr />Forms.<wbr />view</a></li><li><a href="88979669-ed67-f45c-0ca9-ee8d8b339e3c.htm">Form<wbr />Modifier<wbr />Personnel</a></li><li><a href="1f9cd39f-3dbc-b2fd-e75b-308299cf2e78.htm">Methods</a></li><li><a href="058f50f7-cc31-db6e-9765-65fea55d6c3b.htm">Dispose</a></li></breadcrumbs><tocItems><li><a id="1c1e148f-d8d9-5090-ae80-abc9ee8e3a17" href="1c1e148f-d8d9-5090-ae80-abc9ee8e3a17.htm">Dispose(<wbr />Boolean)</a></li></tocItems></toc>