﻿<?xml version="1.0" encoding="utf-8"?><toc><breadcrumbs><li><a href="d75eb659-6335-53f6-af7a-81814a21ab7f.htm">Docs</a></li><li><a href="d75eb659-6335-53f6-af7a-81814a21ab7f.htm">Contatcs</a></li><li><a href="3e672d5a-d506-a9dc-6869-baee97e0c170.htm">Gestion<wbr />Absences.<wbr />Win<wbr />Forms.<wbr />Modele</a></li><li><a href="eb42148f-60f5-27a7-08db-7c9d8188039c.htm">Personnel</a></li><li><a href="cea10e86-7cbf-1ce2-4d3a-24ea0ebe29a7.htm">Properties</a></li></breadcrumbs><tocItems><li><a id="a76f9dff-a464-3e04-874b-2a6208b25fd0" href="a76f9dff-a464-3e04-874b-2a6208b25fd0.htm">idpersonnel</a></li><li><a id="504be2f3-5f82-7ad2-5088-bf747540f1a2" href="504be2f3-5f82-7ad2-5088-bf747540f1a2.htm">idservice</a></li><li><a id="e6ca8499-dd2d-1f90-25cf-edccc3d53517" href="e6ca8499-dd2d-1f90-25cf-edccc3d53517.htm">mail</a></li><li><a id="a48e04d3-409d-f14a-7d23-a957e6396ef7" href="a48e04d3-409d-f14a-7d23-a957e6396ef7.htm">nom</a></li><li><a id="3058dd36-2069-6d1b-f1a9-51f7525d0900" href="3058dd36-2069-6d1b-f1a9-51f7525d0900.htm">prenom</a></li><li><a id="f6556ea6-d3cd-0f57-a86a-fa8733cf24fb" href="f6556ea6-d3cd-0f57-a86a-fa8733cf24fb.htm">tel</a></li></tocItems></toc>