﻿<?xml version="1.0" encoding="utf-8"?><toc><breadcrumbs><li><a href="d75eb659-6335-53f6-af7a-81814a21ab7f.htm">Docs</a></li><li><a href="d75eb659-6335-53f6-af7a-81814a21ab7f.htm">Contatcs</a></li><li><a href="450a8194-cd2b-59d3-d3b4-e51eb2cf18af.htm">Gestion<wbr />Absences.<wbr />Win<wbr />Forms.<wbr />dal</a></li><li><a href="5ad3072c-a12c-00ba-f883-342921c89863.htm">Service</a></li><li><a href="1ec72af8-6f9c-955e-c06d-44c7f8c1ecd9.htm">Properties</a></li></breadcrumbs><tocItems><li><a id="0e75773d-7542-7ab6-2a6e-075c985214ae" href="0e75773d-7542-7ab6-2a6e-075c985214ae.htm">Id</a></li><li><a id="f719c521-1a1b-f2a0-c26f-87d5101da0fe" href="f719c521-1a1b-f2a0-c26f-87d5101da0fe.htm">Nom</a></li></tocItems></toc>