﻿<?xml version="1.0" encoding="utf-8"?><toc><breadcrumbs><li><a href="d75eb659-6335-53f6-af7a-81814a21ab7f.htm">Docs</a></li><li><a href="d75eb659-6335-53f6-af7a-81814a21ab7f.htm">Contatcs</a></li><li><a href="3e672d5a-d506-a9dc-6869-baee97e0c170.htm">Gestion<wbr />Absences.<wbr />Win<wbr />Forms.<wbr />Modele</a></li><li><a href="093ed7bf-ff30-c5b0-d017-cd84c52cf040.htm">Responsable</a></li><li><a href="bd061752-3e45-1cc0-76a6-ae034ead6b62.htm">Properties</a></li></breadcrumbs><tocItems><li><a id="2f452665-849f-4d83-9861-dc8ea95a1b8c" href="2f452665-849f-4d83-9861-dc8ea95a1b8c.htm">Login</a></li><li><a id="b2c3414a-9f06-b5bd-f2f2-9737f7f4ca99" href="b2c3414a-9f06-b5bd-f2f2-9737f7f4ca99.htm">Pwd</a></li></tocItems></toc>