﻿<?xml version="1.0" encoding="utf-8"?><toc><breadcrumbs><li><a href="d75eb659-6335-53f6-af7a-81814a21ab7f.htm">Docs</a></li><li><a href="d75eb659-6335-53f6-af7a-81814a21ab7f.htm">Contatcs</a></li><li><a href="450a8194-cd2b-59d3-d3b4-e51eb2cf18af.htm">Gestion<wbr />Absences.<wbr />Win<wbr />Forms.<wbr />dal</a></li><li><a href="a406073f-2495-af41-bec9-86296833806b.htm">Dal<wbr />Base</a></li></breadcrumbs><tocItems><li><a id="ab78d4f9-c5f5-bef7-a260-715a707df176" href="ab78d4f9-c5f5-bef7-a260-715a707df176.htm">Constructor</a></li><li><a id="42fdbcb1-ddb9-6703-718f-73ea18416130" class="has-submenu" href="42fdbcb1-ddb9-6703-718f-73ea18416130.htm"><span data-tocFile="../toc/IDBBDA.xml" class="icon toggle" onclick="ToggleExpandCollapse(this); return false;"><i class="fa fa-angle-right"> </i></span>Properties</a><ul class="toc-menu is-hidden"> </ul></li><li><a id="0e87e0b4-2b22-0b09-9d89-7f024d54160b" href="0e87e0b4-2b22-0b09-9d89-7f024d54160b.htm">Methods</a></li></tocItems></toc>