﻿<?xml version="1.0" encoding="utf-8"?><toc><breadcrumbs><li><a href="d75eb659-6335-53f6-af7a-81814a21ab7f.htm">Docs</a></li><li><a href="d75eb659-6335-53f6-af7a-81814a21ab7f.htm">Contatcs</a></li><li><a href="450a8194-cd2b-59d3-d3b4-e51eb2cf18af.htm">Gestion<wbr />Absences.<wbr />Win<wbr />Forms.<wbr />dal</a></li><li><a href="30f086a2-dade-70cf-ae77-12d122bd104b.htm">Service<wbr />Dal</a></li><li><a href="6436d0af-d8e1-cedb-50ec-a1f4d7e15a4a.htm">Methods</a></li></breadcrumbs><tocItems><li><a id="b733d56b-e474-038b-1a00-db73d6dd002c" href="b733d56b-e474-038b-1a00-db73d6dd002c.htm">Get<wbr />All<wbr />Services</a></li></tocItems></toc>