﻿<?xml version="1.0" encoding="utf-8"?><toc><breadcrumbs><li><a href="d75eb659-6335-53f6-af7a-81814a21ab7f.htm">Docs</a></li><li><a href="d75eb659-6335-53f6-af7a-81814a21ab7f.htm">Contatcs</a></li><li><a href="3e672d5a-d506-a9dc-6869-baee97e0c170.htm">Gestion<wbr />Absences.<wbr />Win<wbr />Forms.<wbr />Modele</a></li><li><a href="a11e5a75-0a47-c348-120c-b4cca4dc4bb2.htm">Service</a></li><li><a href="08abf507-ca02-8458-1242-702715636614.htm">Properties</a></li></breadcrumbs><tocItems><li><a id="83f38df0-dce8-77bf-562a-abc9cdb8564a" href="83f38df0-dce8-77bf-562a-abc9cdb8564a.htm">Id<wbr />Service</a></li><li><a id="090b9838-a094-b873-806b-b0c607cedce5" href="090b9838-a094-b873-806b-b0c607cedce5.htm">Nom</a></li></tocItems></toc>