﻿<?xml version="1.0" encoding="utf-8"?><toc><breadcrumbs><li><a href="d75eb659-6335-53f6-af7a-81814a21ab7f.htm">Docs</a></li><li><a href="d75eb659-6335-53f6-af7a-81814a21ab7f.htm">Contatcs</a></li><li><a href="3e672d5a-d506-a9dc-6869-baee97e0c170.htm">Gestion<wbr />Absences.<wbr />Win<wbr />Forms.<wbr />Modele</a></li><li><a href="d737925b-3610-3cd9-b7bc-f80c1b2fdf03.htm">Motif</a></li></breadcrumbs><tocItems><li><a id="32ea3735-ea89-a1cc-4cc4-4bb3f3a8dd0c" href="32ea3735-ea89-a1cc-4cc4-4bb3f3a8dd0c.htm">Constructor</a></li><li><a id="939278c1-b64c-4a95-5af1-ecc20e028c8f" class="has-submenu" href="939278c1-b64c-4a95-5af1-ecc20e028c8f.htm"><span data-tocFile="../toc/IDBBFA.xml" class="icon toggle" onclick="ToggleExpandCollapse(this); return false;"><i class="fa fa-angle-right"> </i></span>Properties</a><ul class="toc-menu is-hidden"> </ul></li><li><a id="a64e29d2-d7ab-d393-f8ce-11a08bcc36b2" href="a64e29d2-d7ab-d393-f8ce-11a08bcc36b2.htm">Methods</a></li></tocItems></toc>