﻿<?xml version="1.0" encoding="utf-8"?><toc><breadcrumbs><li><a href="d75eb659-6335-53f6-af7a-81814a21ab7f.htm">Docs</a></li><li><a href="d75eb659-6335-53f6-af7a-81814a21ab7f.htm">Contatcs</a></li><li><a href="9b3d7abf-dec1-7845-b3dd-f494617ffb28.htm">Gestion<wbr />Absences.<wbr />Win<wbr />Forms.<wbr />view</a></li><li><a href="5938545f-3d6c-c604-1802-68d764119ac3.htm">Form<wbr />Ajout<wbr />Absence</a></li></breadcrumbs><tocItems><li><a id="6a6a20b0-3f43-33e8-970e-dcbe2cd2e515" href="6a6a20b0-3f43-33e8-970e-dcbe2cd2e515.htm">Constructor</a></li><li><a id="a0661bf9-f770-4477-af56-9fd4cdb327b1" href="a0661bf9-f770-4477-af56-9fd4cdb327b1.htm">Properties</a></li><li><a id="27b206f3-75b8-6769-5f3a-f2bab82a44f9" class="has-submenu" href="27b206f3-75b8-6769-5f3a-f2bab82a44f9.htm"><span data-tocFile="../toc/IDCBHA.xml" class="icon toggle" onclick="ToggleExpandCollapse(this); return false;"><i class="fa fa-angle-right"> </i></span>Methods</a><ul class="toc-menu is-hidden"> </ul></li><li><a id="7bd0321b-6695-4488-6914-10fb9c19000d" href="7bd0321b-6695-4488-6914-10fb9c19000d.htm">Events</a></li><li><a id="f2e6665f-4718-9fc8-35fd-364f5dce993f" class="has-submenu" href="f2e6665f-4718-9fc8-35fd-364f5dce993f.htm"><span data-tocFile="../toc/IDEBHA.xml" class="icon toggle" onclick="ToggleExpandCollapse(this); return false;"><i class="fa fa-angle-right"> </i></span>Fields</a><ul class="toc-menu is-hidden"> </ul></li></tocItems></toc>