﻿<?xml version="1.0" encoding="utf-8"?><toc><breadcrumbs><li><a href="d75eb659-6335-53f6-af7a-81814a21ab7f.htm">Docs</a></li><li><a href="d75eb659-6335-53f6-af7a-81814a21ab7f.htm">Contatcs</a></li><li><a href="450a8194-cd2b-59d3-d3b4-e51eb2cf18af.htm">Gestion<wbr />Absences.<wbr />Win<wbr />Forms.<wbr />dal</a></li><li><a href="82a2c6a7-71a6-afed-0b31-78febc6faf4c.htm">Absence<wbr />Dal</a></li><li><a href="9a857815-5125-9fc5-63e2-1b33cb9b3ba4.htm">Fields</a></li></breadcrumbs><tocItems><li><a id="63126ad4-0688-535a-a413-ebf1f5972c96" href="63126ad4-0688-535a-a413-ebf1f5972c96.htm">Connection<wbr />String</a></li></tocItems></toc>