﻿<?xml version="1.0" encoding="utf-8"?><toc><breadcrumbs><li><a href="d75eb659-6335-53f6-af7a-81814a21ab7f.htm">Docs</a></li><li><a href="d75eb659-6335-53f6-af7a-81814a21ab7f.htm">Contatcs</a></li><li><a href="9dbc64a2-9c60-710d-d384-50245f5b47e1.htm">Gestion<wbr />Absences.<wbr />Win<wbr />Forms.<wbr />controller</a></li><li><a href="0ccba653-04dc-61d7-68db-6bba8f193054.htm">Authentification<wbr />Controller</a></li><li><a href="43a5bd14-65d5-83de-f0f0-3f2547fb4da6.htm">Fields</a></li></breadcrumbs><tocItems><li><a id="75966582-b608-ca18-51a4-293e4bec3595" href="75966582-b608-ca18-51a4-293e4bec3595.htm">utilisateur<wbr />Dal</a></li></tocItems></toc>