﻿<?xml version="1.0" encoding="utf-8"?><toc><breadcrumbs><li><a href="d75eb659-6335-53f6-af7a-81814a21ab7f.htm">Docs</a></li><li><a href="d75eb659-6335-53f6-af7a-81814a21ab7f.htm">Contatcs</a></li><li><a href="9dbc64a2-9c60-710d-d384-50245f5b47e1.htm">Gestion<wbr />Absences.<wbr />Win<wbr />Forms.<wbr />controller</a></li></breadcrumbs><tocItems><li><a id="0ccba653-04dc-61d7-68db-6bba8f193054" class="has-submenu" href="0ccba653-04dc-61d7-68db-6bba8f193054.htm"><span data-tocFile="../toc/IDACA.xml" class="icon toggle" onclick="ToggleExpandCollapse(this); return false;"><i class="fa fa-angle-right"> </i></span>Authentification<wbr />Controller</a><ul class="toc-menu is-hidden"> </ul></li></tocItems></toc>