﻿<?xml version="1.0" encoding="utf-8"?><toc><breadcrumbs><li><a href="d75eb659-6335-53f6-af7a-81814a21ab7f.htm">Docs</a></li><li><a href="d75eb659-6335-53f6-af7a-81814a21ab7f.htm">Contatcs</a></li><li><a href="9b3d7abf-dec1-7845-b3dd-f494617ffb28.htm">Gestion<wbr />Absences.<wbr />Win<wbr />Forms.<wbr />view</a></li><li><a href="ff038452-95f7-66c8-9001-7277fe595ffa.htm">Form<wbr />Absence</a></li><li><a href="ef8a627f-1e71-cf52-05fa-12aa7b35a19a.htm">Methods</a></li></breadcrumbs><tocItems><li><a id="5ba02e78-868c-7cb0-9ded-6a9989275944" href="5ba02e78-868c-7cb0-9ded-6a9989275944.htm">btn<wbr />Ajouter_<wbr />Click</a></li><li><a id="35525c28-4d86-3cda-e896-29a5fceb97f4" href="35525c28-4d86-3cda-e896-29a5fceb97f4.htm">btn<wbr />Modifier_<wbr />Click</a></li><li><a id="3be0c698-223a-aaf0-3177-b7d7199dabd6" href="3be0c698-223a-aaf0-3177-b7d7199dabd6.htm">btn<wbr />Supprimer_<wbr />Click</a></li><li><a id="b82dbd4d-9488-a0e5-954d-e5304f771ebc" href="b82dbd4d-9488-a0e5-954d-e5304f771ebc.htm">Charger<wbr />Absences</a></li><li><a id="f976227c-0b10-6203-bb75-a31a7fe44496" href="f976227c-0b10-6203-bb75-a31a7fe44496.htm">Charger<wbr />Absences<wbr />Tous</a></li><li><a id="05fc21bf-e913-4baf-3210-223bef1bdb32" class="has-submenu" href="05fc21bf-e913-4baf-3210-223bef1bdb32.htm"><span data-tocFile="../toc/IDFCAHA.xml" class="icon toggle" onclick="ToggleExpandCollapse(this); return false;"><i class="fa fa-angle-right"> </i></span>Dispose</a><ul class="toc-menu is-hidden"> </ul></li><li><a id="736b46df-e004-cf06-2f54-2a3893a9226f" href="736b46df-e004-cf06-2f54-2a3893a9226f.htm">Form<wbr />Absences_<wbr />Load</a></li><li><a id="f98dd992-f466-d5a0-8a79-c1b6b307ba32" href="f98dd992-f466-d5a0-8a79-c1b6b307ba32.htm">Initialize<wbr />Component</a></li></tocItems></toc>