﻿<?xml version="1.0" encoding="utf-8"?><toc><breadcrumbs><li><a href="d75eb659-6335-53f6-af7a-81814a21ab7f.htm">Docs</a></li><li><a href="d75eb659-6335-53f6-af7a-81814a21ab7f.htm">Contatcs</a></li><li><a href="ea06bb13-6793-1d27-d84e-fb4b200230c6.htm">Gestion<wbr />Absences.<wbr />Win<wbr />Forms.<wbr />bddmanager</a></li><li><a href="b30d87b0-2ff7-7ae6-9092-416e3580a307.htm">Bdd<wbr />Manager</a></li><li><a href="50ea2c3b-f25a-cd5e-b3df-0381dade131f.htm">Fields</a></li></breadcrumbs><tocItems><li><a id="e3bb9765-70a6-0bef-f137-fecef530ea08" href="e3bb9765-70a6-0bef-f137-fecef530ea08.htm">connection</a></li><li><a id="097d5bf9-57a9-b61e-3d80-b10345083c2b" href="097d5bf9-57a9-b61e-3d80-b10345083c2b.htm">instance</a></li></tocItems></toc>