﻿<?xml version="1.0" encoding="utf-8"?><toc><breadcrumbs><li><a href="d75eb659-6335-53f6-af7a-81814a21ab7f.htm">Docs</a></li><li><a href="d75eb659-6335-53f6-af7a-81814a21ab7f.htm">Contatcs</a></li><li><a href="9b3d7abf-dec1-7845-b3dd-f494617ffb28.htm">Gestion<wbr />Absences.<wbr />Win<wbr />Forms.<wbr />view</a></li><li><a href="5938545f-3d6c-c604-1802-68d764119ac3.htm">Form<wbr />Ajout<wbr />Absence</a></li><li><a href="27b206f3-75b8-6769-5f3a-f2bab82a44f9.htm">Methods</a></li></breadcrumbs><tocItems><li><a id="283759c6-973a-8e5a-49b3-5c02f7a7f833" href="283759c6-973a-8e5a-49b3-5c02f7a7f833.htm">btn<wbr />Annuler_<wbr />Click</a></li><li><a id="625ff02e-4045-f45c-a0cc-2ef80d25d5fd" href="625ff02e-4045-f45c-a0cc-2ef80d25d5fd.htm">btn<wbr />Enregistrer_<wbr />Click</a></li><li><a id="5ec8114a-3d37-7634-fccd-67544cddf1da" class="has-submenu" href="5ec8114a-3d37-7634-fccd-67544cddf1da.htm"><span data-tocFile="../toc/IDCCBHA.xml" class="icon toggle" onclick="ToggleExpandCollapse(this); return false;"><i class="fa fa-angle-right"> </i></span>Dispose</a><ul class="toc-menu is-hidden"> </ul></li><li><a id="23089819-8307-06d8-e398-ae4f76be27b4" href="23089819-8307-06d8-e398-ae4f76be27b4.htm">Form<wbr />Ajout<wbr />Absence_<wbr />Load</a></li><li><a id="12dcc150-a8e0-6ba4-2262-66a2ab928ac4" href="12dcc150-a8e0-6ba4-2262-66a2ab928ac4.htm">Initialize<wbr />Component</a></li></tocItems></toc>