﻿<?xml version="1.0" encoding="utf-8"?><toc><breadcrumbs><li><a href="d75eb659-6335-53f6-af7a-81814a21ab7f.htm">Docs</a></li><li><a href="d75eb659-6335-53f6-af7a-81814a21ab7f.htm">Contatcs</a></li><li><a href="450a8194-cd2b-59d3-d3b4-e51eb2cf18af.htm">Gestion<wbr />Absences.<wbr />Win<wbr />Forms.<wbr />dal</a></li><li><a href="c3ffd82f-164b-bb74-be94-ec58f0b4cd10.htm">Personnel<wbr />Dal</a></li><li><a href="06d249eb-5631-24f9-2278-dc950870e121.htm">Fields</a></li></breadcrumbs><tocItems><li><a id="856e9f55-1f13-8988-57a3-d4ffebdb9d4b" href="856e9f55-1f13-8988-57a3-d4ffebdb9d4b.htm">Connection<wbr />String</a></li></tocItems></toc>