﻿<?xml version="1.0" encoding="utf-8"?><toc><breadcrumbs><li><a href="d75eb659-6335-53f6-af7a-81814a21ab7f.htm">Docs</a></li><li><a href="d75eb659-6335-53f6-af7a-81814a21ab7f.htm">Contatcs</a></li><li><a href="9b3d7abf-dec1-7845-b3dd-f494617ffb28.htm">Gestion<wbr />Absences.<wbr />Win<wbr />Forms.<wbr />view</a></li><li><a href="20cf3b6b-aa00-a721-d785-4e9c4db09d08.htm">Form<wbr />Ajout<wbr />Personnel</a></li><li><a href="d5fb5ad4-27e9-99fd-259e-5f60776b912c.htm">Methods</a></li><li><a href="74f39bf6-667b-485d-12a2-a2484434846a.htm">Dispose</a></li></breadcrumbs><tocItems><li><a id="9fdf01ee-57c6-9900-d6b3-e6c3da00f78b" href="9fdf01ee-57c6-9900-d6b3-e6c3da00f78b.htm">Dispose(<wbr />Boolean)</a></li></tocItems></toc>