﻿<?xml version="1.0" encoding="utf-8"?><toc><breadcrumbs><li><a href="d75eb659-6335-53f6-af7a-81814a21ab7f.htm">Docs</a></li><li><a href="d75eb659-6335-53f6-af7a-81814a21ab7f.htm">Contatcs</a></li><li><a href="9b3d7abf-dec1-7845-b3dd-f494617ffb28.htm">Gestion<wbr />Absences.<wbr />Win<wbr />Forms.<wbr />view</a></li><li><a href="279ae640-eb1b-98be-ef4f-14e3a9365821.htm">Form<wbr />Connexion</a></li><li><a href="e5e4db0e-0d0f-0c97-a63b-6947f084afc2.htm">Methods</a></li><li><a href="13dad9b1-4700-a677-6707-8e72a67d1a56.htm">Dispose</a></li></breadcrumbs><tocItems><li><a id="5a577a3b-454b-bf1c-74a2-8b2b46e54363" href="5a577a3b-454b-bf1c-74a2-8b2b46e54363.htm">Dispose(<wbr />Boolean)</a></li></tocItems></toc>