﻿<?xml version="1.0" encoding="utf-8"?><toc><breadcrumbs><li><a href="d75eb659-6335-53f6-af7a-81814a21ab7f.htm">Docs</a></li><li><a href="d75eb659-6335-53f6-af7a-81814a21ab7f.htm">Contatcs</a></li><li><a href="9b3d7abf-dec1-7845-b3dd-f494617ffb28.htm">Gestion<wbr />Absences.<wbr />Win<wbr />Forms.<wbr />view</a></li><li><a href="5938545f-3d6c-c604-1802-68d764119ac3.htm">Form<wbr />Ajout<wbr />Absence</a></li><li><a href="27b206f3-75b8-6769-5f3a-f2bab82a44f9.htm">Methods</a></li><li><a href="5ec8114a-3d37-7634-fccd-67544cddf1da.htm">Dispose</a></li></breadcrumbs><tocItems><li><a id="4159d383-9bbe-dff0-3fa2-b1f10a639f80" href="4159d383-9bbe-dff0-3fa2-b1f10a639f80.htm">Dispose(<wbr />Boolean)</a></li></tocItems></toc>