﻿<?xml version="1.0" encoding="utf-8"?><toc><breadcrumbs><li><a href="d75eb659-6335-53f6-af7a-81814a21ab7f.htm">Docs</a></li><li><a href="d75eb659-6335-53f6-af7a-81814a21ab7f.htm">Contatcs</a></li><li><a href="9b3d7abf-dec1-7845-b3dd-f494617ffb28.htm">Gestion<wbr />Absences.<wbr />Win<wbr />Forms.<wbr />view</a></li><li><a href="20cf3b6b-aa00-a721-d785-4e9c4db09d08.htm">Form<wbr />Ajout<wbr />Personnel</a></li><li><a href="d5fb5ad4-27e9-99fd-259e-5f60776b912c.htm">Methods</a></li></breadcrumbs><tocItems><li><a id="2b33156f-3657-0ba0-686e-1166c41eb277" href="2b33156f-3657-0ba0-686e-1166c41eb277.htm">btn<wbr />Enregistrer_<wbr />Click</a></li><li><a id="4fd64532-cb71-2243-b3f5-da6e1184a272" href="4fd64532-cb71-2243-b3f5-da6e1184a272.htm">button<wbr />2_<wbr />Click</a></li><li><a id="74f39bf6-667b-485d-12a2-a2484434846a" class="has-submenu" href="74f39bf6-667b-485d-12a2-a2484434846a.htm"><span data-tocFile="../toc/IDCCCHA.xml" class="icon toggle" onclick="ToggleExpandCollapse(this); return false;"><i class="fa fa-angle-right"> </i></span>Dispose</a><ul class="toc-menu is-hidden"> </ul></li><li><a id="0c69937b-9466-1c0f-6eaf-18359a87eae6" href="0c69937b-9466-1c0f-6eaf-18359a87eae6.htm">Form<wbr />Ajout<wbr />Personnel_<wbr />Load</a></li><li><a id="b11451f9-42ff-0faf-1201-fb7ad1f7ab35" href="b11451f9-42ff-0faf-1201-fb7ad1f7ab35.htm">Initialize<wbr />Component</a></li></tocItems></toc>