﻿<?xml version="1.0" encoding="utf-8"?><toc><breadcrumbs><li><a href="d75eb659-6335-53f6-af7a-81814a21ab7f.htm">Docs</a></li><li><a href="d75eb659-6335-53f6-af7a-81814a21ab7f.htm">Contatcs</a></li><li><a href="9b3d7abf-dec1-7845-b3dd-f494617ffb28.htm">Gestion<wbr />Absences.<wbr />Win<wbr />Forms.<wbr />view</a></li><li><a href="f3b089a1-7867-d473-a390-54f1d8f4e397.htm">Form<wbr />Modifier<wbr />Absence</a></li><li><a href="c3b713ce-a315-375a-d3b8-9485fbf30db6.htm">Methods</a></li><li><a href="d126151b-af60-3d85-d63e-2ab88a2b1086.htm">Dispose</a></li></breadcrumbs><tocItems><li><a id="5d907223-ddbb-a47c-25b1-531cf13b3847" href="5d907223-ddbb-a47c-25b1-531cf13b3847.htm">Dispose(<wbr />Boolean)</a></li></tocItems></toc>