﻿<?xml version="1.0" encoding="utf-8"?><toc><breadcrumbs><li><a href="d75eb659-6335-53f6-af7a-81814a21ab7f.htm">Docs</a></li><li><a href="d75eb659-6335-53f6-af7a-81814a21ab7f.htm">Contatcs</a></li><li><a href="9b3d7abf-dec1-7845-b3dd-f494617ffb28.htm">Gestion<wbr />Absences.<wbr />Win<wbr />Forms.<wbr />view</a></li><li><a href="279ae640-eb1b-98be-ef4f-14e3a9365821.htm">Form<wbr />Connexion</a></li><li><a href="e5e4db0e-0d0f-0c97-a63b-6947f084afc2.htm">Methods</a></li></breadcrumbs><tocItems><li><a id="76cf9d73-e017-fc20-1026-6b55a5be44b5" href="76cf9d73-e017-fc20-1026-6b55a5be44b5.htm">btn<wbr />Login_<wbr />Click</a></li><li><a id="03ab073c-add5-9855-dcec-4c044bacc67a" href="03ab073c-add5-9855-dcec-4c044bacc67a.htm">btn<wbr />Toggle<wbr />Pwd_<wbr />Click</a></li><li><a id="13dad9b1-4700-a677-6707-8e72a67d1a56" class="has-submenu" href="13dad9b1-4700-a677-6707-8e72a67d1a56.htm"><span data-tocFile="../toc/IDCCDHA.xml" class="icon toggle" onclick="ToggleExpandCollapse(this); return false;"><i class="fa fa-angle-right"> </i></span>Dispose</a><ul class="toc-menu is-hidden"> </ul></li><li><a id="6d7c4795-053b-b72c-295f-c648a320a043" href="6d7c4795-053b-b72c-295f-c648a320a043.htm">Form<wbr />Connexion_<wbr />Load</a></li><li><a id="99f49abb-00b0-dd0a-ac8a-95a9be9daadd" href="99f49abb-00b0-dd0a-ac8a-95a9be9daadd.htm">Initialize<wbr />Component</a></li></tocItems></toc>