﻿<?xml version="1.0" encoding="utf-8"?><toc><breadcrumbs><li><a href="d75eb659-6335-53f6-af7a-81814a21ab7f.htm">Docs</a></li><li><a href="d75eb659-6335-53f6-af7a-81814a21ab7f.htm">Contatcs</a></li><li><a href="450a8194-cd2b-59d3-d3b4-e51eb2cf18af.htm">Gestion<wbr />Absences.<wbr />Win<wbr />Forms.<wbr />dal</a></li><li><a href="c3ffd82f-164b-bb74-be94-ec58f0b4cd10.htm">Personnel<wbr />Dal</a></li></breadcrumbs><tocItems><li><a id="1d9db219-832b-f374-0696-19e97db22ace" href="1d9db219-832b-f374-0696-19e97db22ace.htm">Constructor</a></li><li><a id="fb565579-ee95-a153-85fd-52e5d24c2a22" class="has-submenu" href="fb565579-ee95-a153-85fd-52e5d24c2a22.htm"><span data-tocFile="../toc/IDBCDA.xml" class="icon toggle" onclick="ToggleExpandCollapse(this); return false;"><i class="fa fa-angle-right"> </i></span>Methods</a><ul class="toc-menu is-hidden"> </ul></li><li><a id="06d249eb-5631-24f9-2278-dc950870e121" class="has-submenu" href="06d249eb-5631-24f9-2278-dc950870e121.htm"><span data-tocFile="../toc/IDCCDA.xml" class="icon toggle" onclick="ToggleExpandCollapse(this); return false;"><i class="fa fa-angle-right"> </i></span>Fields</a><ul class="toc-menu is-hidden"> </ul></li></tocItems></toc>