﻿<?xml version="1.0" encoding="utf-8"?><toc><breadcrumbs><li><a href="d75eb659-6335-53f6-af7a-81814a21ab7f.htm">Docs</a></li><li><a href="d75eb659-6335-53f6-af7a-81814a21ab7f.htm">Contatcs</a></li><li><a href="450a8194-cd2b-59d3-d3b4-e51eb2cf18af.htm">Gestion<wbr />Absences.<wbr />Win<wbr />Forms.<wbr />dal</a></li><li><a href="30f086a2-dade-70cf-ae77-12d122bd104b.htm">Service<wbr />Dal</a></li><li><a href="e70bc4a5-a694-c08e-6b06-ad8d632a16b4.htm">Fields</a></li></breadcrumbs><tocItems><li><a id="213e86a4-e033-3519-179c-89ff74b50f77" href="213e86a4-e033-3519-179c-89ff74b50f77.htm">Connection<wbr />String</a></li></tocItems></toc>