﻿<?xml version="1.0" encoding="utf-8"?><toc><breadcrumbs><li><a href="d75eb659-6335-53f6-af7a-81814a21ab7f.htm">Docs</a></li><li><a href="d75eb659-6335-53f6-af7a-81814a21ab7f.htm">Contatcs</a></li><li><a href="9b3d7abf-dec1-7845-b3dd-f494617ffb28.htm">Gestion<wbr />Absences.<wbr />Win<wbr />Forms.<wbr />view</a></li><li><a href="f3b089a1-7867-d473-a390-54f1d8f4e397.htm">Form<wbr />Modifier<wbr />Absence</a></li><li><a href="c3b713ce-a315-375a-d3b8-9485fbf30db6.htm">Methods</a></li></breadcrumbs><tocItems><li><a id="2161b516-5f0b-e2ec-069f-b1085b781c21" href="2161b516-5f0b-e2ec-069f-b1085b781c21.htm">btn<wbr />Annuler_<wbr />Click</a></li><li><a id="667b9523-3fa6-59d1-5157-57c70ac61f03" href="667b9523-3fa6-59d1-5157-57c70ac61f03.htm">btn<wbr />Enregistrer_<wbr />Click</a></li><li><a id="d126151b-af60-3d85-d63e-2ab88a2b1086" class="has-submenu" href="d126151b-af60-3d85-d63e-2ab88a2b1086.htm"><span data-tocFile="../toc/IDCCEHA.xml" class="icon toggle" onclick="ToggleExpandCollapse(this); return false;"><i class="fa fa-angle-right"> </i></span>Dispose</a><ul class="toc-menu is-hidden"> </ul></li><li><a id="e0ead90f-d271-d122-aa2b-3911996bc4b0" href="e0ead90f-d271-d122-aa2b-3911996bc4b0.htm">Form<wbr />Modifier<wbr />Absence_<wbr />Load</a></li><li><a id="f7c25d03-fce3-090d-6205-b2d262c8edac" href="f7c25d03-fce3-090d-6205-b2d262c8edac.htm">Initialize<wbr />Component</a></li></tocItems></toc>