﻿<?xml version="1.0" encoding="utf-8"?><toc><breadcrumbs><li><a href="d75eb659-6335-53f6-af7a-81814a21ab7f.htm">Docs</a></li><li><a href="d75eb659-6335-53f6-af7a-81814a21ab7f.htm">Contatcs</a></li><li><a href="9b3d7abf-dec1-7845-b3dd-f494617ffb28.htm">Gestion<wbr />Absences.<wbr />Win<wbr />Forms.<wbr />view</a></li><li><a href="88979669-ed67-f45c-0ca9-ee8d8b339e3c.htm">Form<wbr />Modifier<wbr />Personnel</a></li><li><a href="1f9cd39f-3dbc-b2fd-e75b-308299cf2e78.htm">Methods</a></li></breadcrumbs><tocItems><li><a id="c70f8dfe-3d50-021f-5453-34927a7fa0eb" href="c70f8dfe-3d50-021f-5453-34927a7fa0eb.htm">btn<wbr />Enregistrer_<wbr />Click</a></li><li><a id="058f50f7-cc31-db6e-9765-65fea55d6c3b" class="has-submenu" href="058f50f7-cc31-db6e-9765-65fea55d6c3b.htm"><span data-tocFile="../toc/IDBCFHA.xml" class="icon toggle" onclick="ToggleExpandCollapse(this); return false;"><i class="fa fa-angle-right"> </i></span>Dispose</a><ul class="toc-menu is-hidden"> </ul></li><li><a id="fe0ca274-0d56-1baa-1cce-1dbe186dae4f" href="fe0ca274-0d56-1baa-1cce-1dbe186dae4f.htm">Form<wbr />Modifier<wbr />Personnel_<wbr />Load</a></li><li><a id="5d8c15a1-8502-e73c-c57e-a96e1490b177" href="5d8c15a1-8502-e73c-c57e-a96e1490b177.htm">Initialize<wbr />Component</a></li></tocItems></toc>