﻿<?xml version="1.0" encoding="utf-8"?><toc><breadcrumbs><li><a href="d75eb659-6335-53f6-af7a-81814a21ab7f.htm">Docs</a></li><li><a href="d75eb659-6335-53f6-af7a-81814a21ab7f.htm">Contatcs</a></li><li><a href="450a8194-cd2b-59d3-d3b4-e51eb2cf18af.htm">Gestion<wbr />Absences.<wbr />Win<wbr />Forms.<wbr />dal</a></li><li><a href="9e13573d-78de-b3d2-41c2-d155aca9b652.htm">Utilisateur<wbr />Dal</a></li><li><a href="c0d42705-84bf-1751-4507-34d35f88eaa8.htm">Methods</a></li></breadcrumbs><tocItems><li><a id="e5898965-7e0b-92be-b976-4926308ae681" href="e5898965-7e0b-92be-b976-4926308ae681.htm">Get<wbr />Utilisateur</a></li></tocItems></toc>