﻿<?xml version="1.0" encoding="utf-8"?><toc><breadcrumbs><li><a href="d75eb659-6335-53f6-af7a-81814a21ab7f.htm">Docs</a></li><li><a href="d75eb659-6335-53f6-af7a-81814a21ab7f.htm">Contatcs</a></li><li><a href="3e672d5a-d506-a9dc-6869-baee97e0c170.htm">Gestion<wbr />Absences.<wbr />Win<wbr />Forms.<wbr />Modele</a></li><li><a href="eb42148f-60f5-27a7-08db-7c9d8188039c.htm">Personnel</a></li></breadcrumbs><tocItems><li><a id="057ce20a-b060-1550-2a79-959f3966deb0" href="057ce20a-b060-1550-2a79-959f3966deb0.htm">Constructor</a></li><li><a id="cea10e86-7cbf-1ce2-4d3a-24ea0ebe29a7" class="has-submenu" href="cea10e86-7cbf-1ce2-4d3a-24ea0ebe29a7.htm"><span data-tocFile="../toc/IDBCFA.xml" class="icon toggle" onclick="ToggleExpandCollapse(this); return false;"><i class="fa fa-angle-right"> </i></span>Properties</a><ul class="toc-menu is-hidden"> </ul></li><li><a id="eafb56cd-4454-2560-f9c1-81a809669347" href="eafb56cd-4454-2560-f9c1-81a809669347.htm">Methods</a></li></tocItems></toc>