﻿<?xml version="1.0" encoding="utf-8"?><toc><breadcrumbs><li><a href="d75eb659-6335-53f6-af7a-81814a21ab7f.htm">Docs</a></li><li><a href="d75eb659-6335-53f6-af7a-81814a21ab7f.htm">Contatcs</a></li><li><a href="9b3d7abf-dec1-7845-b3dd-f494617ffb28.htm">Gestion<wbr />Absences.<wbr />Win<wbr />Forms.<wbr />view</a></li><li><a href="67b8c482-c1c9-73d2-b713-13dcc815a837.htm">Form<wbr />Personnel</a></li><li><a href="5c44812f-06bf-3876-d468-18f96d3d3d42.htm">Methods</a></li></breadcrumbs><tocItems><li><a id="a9f040f3-aa13-2c12-9d45-7bd73988f18b" href="a9f040f3-aa13-2c12-9d45-7bd73988f18b.htm">btn<wbr />Absences_<wbr />Click</a></li><li><a id="0962028b-4e9c-9e1f-6991-626f92cf930a" href="0962028b-4e9c-9e1f-6991-626f92cf930a.htm">btn<wbr />Absences<wbr />Tous_<wbr />Click</a></li><li><a id="e4cf6349-c94d-fd18-cac3-429569cffa0b" href="e4cf6349-c94d-fd18-cac3-429569cffa0b.htm">btn<wbr />Ajouter_<wbr />Click</a></li><li><a id="63c19f50-15c8-77b2-e2bd-8b4b130d214f" href="63c19f50-15c8-77b2-e2bd-8b4b130d214f.htm">btn<wbr />Modifier_<wbr />Click</a></li><li><a id="8807fe4f-e07e-8c84-7fb5-bedfb83cb992" href="8807fe4f-e07e-8c84-7fb5-bedfb83cb992.htm">btn<wbr />Supprimer_<wbr />Click</a></li><li><a id="a0402f7c-ccd3-e601-9b22-d63a9dcb7517" href="a0402f7c-ccd3-e601-9b22-d63a9dcb7517.htm">button<wbr />3_<wbr />Click</a></li><li><a id="0b680556-6fb6-ac8e-06f8-570527120ccb" href="0b680556-6fb6-ac8e-06f8-570527120ccb.htm">Charger<wbr />Liste<wbr />Personnel</a></li><li><a id="ce8308df-4fe5-4738-5a38-ea0eed161be6" class="has-submenu" href="ce8308df-4fe5-4738-5a38-ea0eed161be6.htm"><span data-tocFile="../toc/IDHCGHA.xml" class="icon toggle" onclick="ToggleExpandCollapse(this); return false;"><i class="fa fa-angle-right"> </i></span>Dispose</a><ul class="toc-menu is-hidden"> </ul></li><li><a id="4ba5b7cb-6a4a-7c8d-cadf-5962f9303f21" href="4ba5b7cb-6a4a-7c8d-cadf-5962f9303f21.htm">Form<wbr />Personnel_<wbr />Load</a></li><li><a id="aa49945c-1af6-bf72-015c-ee6b24be1d39" href="aa49945c-1af6-bf72-015c-ee6b24be1d39.htm">Initialize<wbr />Component</a></li></tocItems></toc>