﻿<?xml version="1.0" encoding="utf-8"?><toc><breadcrumbs><li><a href="d75eb659-6335-53f6-af7a-81814a21ab7f.htm">Docs</a></li><li><a href="d75eb659-6335-53f6-af7a-81814a21ab7f.htm">Contatcs</a></li><li><a href="9b3d7abf-dec1-7845-b3dd-f494617ffb28.htm">Gestion<wbr />Absences.<wbr />Win<wbr />Forms.<wbr />view</a></li><li><a href="ffde8865-d9d4-6ded-fc1b-54693a261083.htm">Form<wbr />Toute<wbr />Absences</a></li><li><a href="c52faf34-16bd-500e-e68a-57398f19fd80.htm">Methods</a></li></breadcrumbs><tocItems><li><a id="aea61a5e-d011-ef13-b7e6-98bae2bfd799" href="aea61a5e-d011-ef13-b7e6-98bae2bfd799.htm">Charger<wbr />Toutes<wbr />Les<wbr />Absences</a></li><li><a id="462c6f08-e072-7058-299c-7b5b457c363c" class="has-submenu" href="462c6f08-e072-7058-299c-7b5b457c363c.htm"><span data-tocFile="../toc/IDBCHHA.xml" class="icon toggle" onclick="ToggleExpandCollapse(this); return false;"><i class="fa fa-angle-right"> </i></span>Dispose</a><ul class="toc-menu is-hidden"> </ul></li><li><a id="90d7a674-d998-55e1-99f5-8e35b144f746" href="90d7a674-d998-55e1-99f5-8e35b144f746.htm">Form<wbr />Toute<wbr />Absences_<wbr />Load</a></li><li><a id="f9301664-fece-d465-6ed6-39e9e0ac4dbd" href="f9301664-fece-d465-6ed6-39e9e0ac4dbd.htm">Initialize<wbr />Component</a></li></tocItems></toc>