﻿<?xml version="1.0" encoding="utf-8"?><toc><breadcrumbs><li><a href="d75eb659-6335-53f6-af7a-81814a21ab7f.htm">Docs</a></li><li><a href="d75eb659-6335-53f6-af7a-81814a21ab7f.htm">Contatcs</a></li><li><a href="9b3d7abf-dec1-7845-b3dd-f494617ffb28.htm">Gestion<wbr />Absences.<wbr />Win<wbr />Forms.<wbr />view</a></li><li><a href="20cf3b6b-aa00-a721-d785-4e9c4db09d08.htm">Form<wbr />Ajout<wbr />Personnel</a></li></breadcrumbs><tocItems><li><a id="7e247788-068c-1ee4-e52e-cc3043625f86" href="7e247788-068c-1ee4-e52e-cc3043625f86.htm">Constructor</a></li><li><a id="4cbff96b-772b-5ba4-acf7-249492c8ea3b" href="4cbff96b-772b-5ba4-acf7-249492c8ea3b.htm">Properties</a></li><li><a id="d5fb5ad4-27e9-99fd-259e-5f60776b912c" class="has-submenu" href="d5fb5ad4-27e9-99fd-259e-5f60776b912c.htm"><span data-tocFile="../toc/IDCCHA.xml" class="icon toggle" onclick="ToggleExpandCollapse(this); return false;"><i class="fa fa-angle-right"> </i></span>Methods</a><ul class="toc-menu is-hidden"> </ul></li><li><a id="a9d837f5-e363-1639-73b5-f4717c11231e" href="a9d837f5-e363-1639-73b5-f4717c11231e.htm">Events</a></li><li><a id="c8fc5295-4c06-18ee-1426-9c7cb7f6dfe2" class="has-submenu" href="c8fc5295-4c06-18ee-1426-9c7cb7f6dfe2.htm"><span data-tocFile="../toc/IDECHA.xml" class="icon toggle" onclick="ToggleExpandCollapse(this); return false;"><i class="fa fa-angle-right"> </i></span>Fields</a><ul class="toc-menu is-hidden"> </ul></li></tocItems></toc>