﻿<?xml version="1.0" encoding="utf-8"?><toc><breadcrumbs><li><a href="d75eb659-6335-53f6-af7a-81814a21ab7f.htm">Docs</a></li><li><a href="d75eb659-6335-53f6-af7a-81814a21ab7f.htm">Contatcs</a></li><li><a href="450a8194-cd2b-59d3-d3b4-e51eb2cf18af.htm">Gestion<wbr />Absences.<wbr />Win<wbr />Forms.<wbr />dal</a></li></breadcrumbs><tocItems><li><a id="82a2c6a7-71a6-afed-0b31-78febc6faf4c" class="has-submenu" href="82a2c6a7-71a6-afed-0b31-78febc6faf4c.htm"><span data-tocFile="../toc/IDADA.xml" class="icon toggle" onclick="ToggleExpandCollapse(this); return false;"><i class="fa fa-angle-right"> </i></span>Absence<wbr />Dal</a><ul class="toc-menu is-hidden"> </ul></li><li><a id="a406073f-2495-af41-bec9-86296833806b" class="has-submenu" href="a406073f-2495-af41-bec9-86296833806b.htm"><span data-tocFile="../toc/IDBDA.xml" class="icon toggle" onclick="ToggleExpandCollapse(this); return false;"><i class="fa fa-angle-right"> </i></span>Dal<wbr />Base</a><ul class="toc-menu is-hidden"> </ul></li><li><a id="c3ffd82f-164b-bb74-be94-ec58f0b4cd10" class="has-submenu" href="c3ffd82f-164b-bb74-be94-ec58f0b4cd10.htm"><span data-tocFile="../toc/IDCDA.xml" class="icon toggle" onclick="ToggleExpandCollapse(this); return false;"><i class="fa fa-angle-right"> </i></span>Personnel<wbr />Dal</a><ul class="toc-menu is-hidden"> </ul></li><li><a id="5ad3072c-a12c-00ba-f883-342921c89863" class="has-submenu" href="5ad3072c-a12c-00ba-f883-342921c89863.htm"><span data-tocFile="../toc/IDDDA.xml" class="icon toggle" onclick="ToggleExpandCollapse(this); return false;"><i class="fa fa-angle-right"> </i></span>Service</a><ul class="toc-menu is-hidden"> </ul></li><li><a id="30f086a2-dade-70cf-ae77-12d122bd104b" class="has-submenu" href="30f086a2-dade-70cf-ae77-12d122bd104b.htm"><span data-tocFile="../toc/IDEDA.xml" class="icon toggle" onclick="ToggleExpandCollapse(this); return false;"><i class="fa fa-angle-right"> </i></span>Service<wbr />Dal</a><ul class="toc-menu is-hidden"> </ul></li><li><a id="9e13573d-78de-b3d2-41c2-d155aca9b652" class="has-submenu" href="9e13573d-78de-b3d2-41c2-d155aca9b652.htm"><span data-tocFile="../toc/IDFDA.xml" class="icon toggle" onclick="ToggleExpandCollapse(this); return false;"><i class="fa fa-angle-right"> </i></span>Utilisateur<wbr />Dal</a><ul class="toc-menu is-hidden"> </ul></li></tocItems></toc>