﻿<?xml version="1.0" encoding="utf-8"?><toc><breadcrumbs><li><a href="d75eb659-6335-53f6-af7a-81814a21ab7f.htm">Docs</a></li><li><a href="d75eb659-6335-53f6-af7a-81814a21ab7f.htm">Contatcs</a></li><li><a href="450a8194-cd2b-59d3-d3b4-e51eb2cf18af.htm">Gestion<wbr />Absences.<wbr />Win<wbr />Forms.<wbr />dal</a></li><li><a href="5ad3072c-a12c-00ba-f883-342921c89863.htm">Service</a></li></breadcrumbs><tocItems><li><a id="7ddb7924-595e-d2c8-9049-d3091c9f2e2b" href="7ddb7924-595e-d2c8-9049-d3091c9f2e2b.htm">Constructor</a></li><li><a id="1ec72af8-6f9c-955e-c06d-44c7f8c1ecd9" class="has-submenu" href="1ec72af8-6f9c-955e-c06d-44c7f8c1ecd9.htm"><span data-tocFile="../toc/IDBDDA.xml" class="icon toggle" onclick="ToggleExpandCollapse(this); return false;"><i class="fa fa-angle-right"> </i></span>Properties</a><ul class="toc-menu is-hidden"> </ul></li><li><a id="eb98d6eb-958e-3c08-4c56-bc5ff3c879ac" href="eb98d6eb-958e-3c08-4c56-bc5ff3c879ac.htm">Methods</a></li></tocItems></toc>