﻿<?xml version="1.0" encoding="utf-8"?><toc><breadcrumbs><li><a href="d75eb659-6335-53f6-af7a-81814a21ab7f.htm">Docs</a></li><li><a href="d75eb659-6335-53f6-af7a-81814a21ab7f.htm">Contatcs</a></li><li><a href="3e672d5a-d506-a9dc-6869-baee97e0c170.htm">Gestion<wbr />Absences.<wbr />Win<wbr />Forms.<wbr />Modele</a></li><li><a href="093ed7bf-ff30-c5b0-d017-cd84c52cf040.htm">Responsable</a></li></breadcrumbs><tocItems><li><a id="752deba1-6c63-ceaf-cf57-b08fa05aa589" href="752deba1-6c63-ceaf-cf57-b08fa05aa589.htm">Constructor</a></li><li><a id="bd061752-3e45-1cc0-76a6-ae034ead6b62" class="has-submenu" href="bd061752-3e45-1cc0-76a6-ae034ead6b62.htm"><span data-tocFile="../toc/IDBDFA.xml" class="icon toggle" onclick="ToggleExpandCollapse(this); return false;"><i class="fa fa-angle-right"> </i></span>Properties</a><ul class="toc-menu is-hidden"> </ul></li><li><a id="3d1e0b75-c5fc-98d7-996c-6616c7ebd2d0" href="3d1e0b75-c5fc-98d7-996c-6616c7ebd2d0.htm">Methods</a></li></tocItems></toc>