﻿<?xml version="1.0" encoding="utf-8"?><toc><breadcrumbs><li><a href="d75eb659-6335-53f6-af7a-81814a21ab7f.htm">Docs</a></li><li><a href="d75eb659-6335-53f6-af7a-81814a21ab7f.htm">Contatcs</a></li><li><a href="9b3d7abf-dec1-7845-b3dd-f494617ffb28.htm">Gestion<wbr />Absences.<wbr />Win<wbr />Forms.<wbr />view</a></li><li><a href="279ae640-eb1b-98be-ef4f-14e3a9365821.htm">Form<wbr />Connexion</a></li></breadcrumbs><tocItems><li><a id="21795ad9-2f18-410b-964c-4f08dcc25d4b" href="21795ad9-2f18-410b-964c-4f08dcc25d4b.htm">Constructor</a></li><li><a id="c1790a92-73e1-208a-9af7-fc44d79f05c0" href="c1790a92-73e1-208a-9af7-fc44d79f05c0.htm">Properties</a></li><li><a id="e5e4db0e-0d0f-0c97-a63b-6947f084afc2" class="has-submenu" href="e5e4db0e-0d0f-0c97-a63b-6947f084afc2.htm"><span data-tocFile="../toc/IDCDHA.xml" class="icon toggle" onclick="ToggleExpandCollapse(this); return false;"><i class="fa fa-angle-right"> </i></span>Methods</a><ul class="toc-menu is-hidden"> </ul></li><li><a id="7f6a675d-8f21-9c41-52a9-133b6314ae63" href="7f6a675d-8f21-9c41-52a9-133b6314ae63.htm">Events</a></li><li><a id="d3f82b43-8ec8-017b-c382-f49624fa6b39" class="has-submenu" href="d3f82b43-8ec8-017b-c382-f49624fa6b39.htm"><span data-tocFile="../toc/IDEDHA.xml" class="icon toggle" onclick="ToggleExpandCollapse(this); return false;"><i class="fa fa-angle-right"> </i></span>Fields</a><ul class="toc-menu is-hidden"> </ul></li></tocItems></toc>