﻿<?xml version="1.0" encoding="utf-8"?><toc><breadcrumbs><li><a href="d75eb659-6335-53f6-af7a-81814a21ab7f.htm">Docs</a></li><li><a href="d75eb659-6335-53f6-af7a-81814a21ab7f.htm">Contatcs</a></li><li><a href="9b3d7abf-dec1-7845-b3dd-f494617ffb28.htm">Gestion<wbr />Absences.<wbr />Win<wbr />Forms.<wbr />view</a></li><li><a href="ff038452-95f7-66c8-9001-7277fe595ffa.htm">Form<wbr />Absence</a></li><li><a href="ed9a4213-1d8d-371e-f07d-f91816393db9.htm">Fields</a></li></breadcrumbs><tocItems><li><a id="b4bd712b-a1c7-66ff-bde3-2a9dae9e72be" href="b4bd712b-a1c7-66ff-bde3-2a9dae9e72be.htm">btn<wbr />Ajouter</a></li><li><a id="46ff0282-d1d2-bdd2-d6a8-1ea4667b16a4" href="46ff0282-d1d2-bdd2-d6a8-1ea4667b16a4.htm">btn<wbr />Modifier</a></li><li><a id="3edf341d-3e27-438f-e26f-f1fa890ae6d5" href="3edf341d-3e27-438f-e26f-f1fa890ae6d5.htm">btn<wbr />Supprimer</a></li><li><a id="8668d9df-f0a3-aa8f-6f52-838268fbceaa" href="8668d9df-f0a3-aa8f-6f52-838268fbceaa.htm">components</a></li><li><a id="41c03a6c-1d39-4925-995f-acd56cca31a2" href="41c03a6c-1d39-4925-995f-acd56cca31a2.htm">data<wbr />Grid<wbr />View<wbr />Absences</a></li><li><a id="c323194d-7549-8c50-2850-353751a3d8c6" href="c323194d-7549-8c50-2850-353751a3d8c6.htm">label<wbr />3</a></li><li><a id="42c597af-d7dd-dd11-7a66-8df35bc1ac35" href="42c597af-d7dd-dd11-7a66-8df35bc1ac35.htm">label<wbr />4</a></li><li><a id="d19341a4-ef74-0904-254c-590612b6f7bc" href="d19341a4-ef74-0904-254c-590612b6f7bc.htm">personnel</a></li></tocItems></toc>