﻿<?xml version="1.0" encoding="utf-8"?><toc><breadcrumbs><li><a href="d75eb659-6335-53f6-af7a-81814a21ab7f.htm">Docs</a></li><li><a href="d75eb659-6335-53f6-af7a-81814a21ab7f.htm">Contatcs</a></li><li><a href="d2274622-4301-7385-b0f4-8635b1da2d6d.htm">Gestion<wbr />Absences.<wbr />Win<wbr />Forms.<wbr />model</a></li></breadcrumbs><tocItems><li><a id="c47acd7e-e5ac-27fa-d6fc-c43cdc772a55" class="has-submenu" href="c47acd7e-e5ac-27fa-d6fc-c43cdc772a55.htm"><span data-tocFile="../toc/IDAEA.xml" class="icon toggle" onclick="ToggleExpandCollapse(this); return false;"><i class="fa fa-angle-right"> </i></span>Utilisateur</a><ul class="toc-menu is-hidden"> </ul></li></tocItems></toc>