﻿<?xml version="1.0" encoding="utf-8"?><toc><breadcrumbs><li><a href="d75eb659-6335-53f6-af7a-81814a21ab7f.htm">Docs</a></li><li><a href="d75eb659-6335-53f6-af7a-81814a21ab7f.htm">Contatcs</a></li><li><a href="9b3d7abf-dec1-7845-b3dd-f494617ffb28.htm">Gestion<wbr />Absences.<wbr />Win<wbr />Forms.<wbr />view</a></li><li><a href="5938545f-3d6c-c604-1802-68d764119ac3.htm">Form<wbr />Ajout<wbr />Absence</a></li><li><a href="f2e6665f-4718-9fc8-35fd-364f5dce993f.htm">Fields</a></li></breadcrumbs><tocItems><li><a id="105764da-1781-4939-7f19-ed57be61d1dc" href="105764da-1781-4939-7f19-ed57be61d1dc.htm">btn<wbr />Annuler</a></li><li><a id="d5c3beef-3c33-3f43-7e93-1734e69cae74" href="d5c3beef-3c33-3f43-7e93-1734e69cae74.htm">btn<wbr />Enregistrer</a></li><li><a id="3b418322-a87a-b213-1b0e-8681483571b3" href="3b418322-a87a-b213-1b0e-8681483571b3.htm">combo<wbr />Box<wbr />Motif</a></li><li><a id="ec43b980-a6d1-ab83-a7ba-d0ec3eccd895" href="ec43b980-a6d1-ab83-a7ba-d0ec3eccd895.htm">components</a></li><li><a id="d7aa9bce-0e09-d26c-b333-929c6cf0ff3e" href="d7aa9bce-0e09-d26c-b333-929c6cf0ff3e.htm">date<wbr />Time<wbr />Picker<wbr />Debut</a></li><li><a id="445fe27c-a563-5bff-480a-497ef76779ce" href="445fe27c-a563-5bff-480a-497ef76779ce.htm">date<wbr />Time<wbr />Picker<wbr />Fin</a></li><li><a id="74d4cd4e-9c57-dadc-73cc-b81f99e0a22f" href="74d4cd4e-9c57-dadc-73cc-b81f99e0a22f.htm">label<wbr />1</a></li><li><a id="f6da1756-4bd2-4492-7fc1-d6c6ba7f608e" href="f6da1756-4bd2-4492-7fc1-d6c6ba7f608e.htm">label<wbr />2</a></li><li><a id="f913c2bc-7de4-7023-2f43-b08bbf78a431" href="f913c2bc-7de4-7023-2f43-b08bbf78a431.htm">label<wbr />3</a></li><li><a id="96709181-b211-4aff-9cc9-b60a800a3766" href="96709181-b211-4aff-9cc9-b60a800a3766.htm">label<wbr />4</a></li><li><a id="f5d50518-f98f-b796-d667-4dbb5c9cd62b" href="f5d50518-f98f-b796-d667-4dbb5c9cd62b.htm">lbl<wbr />Erreur</a></li><li><a id="9c2cd27d-6841-6a87-501a-89ff3b479c2e" href="9c2cd27d-6841-6a87-501a-89ff3b479c2e.htm">personnel</a></li></tocItems></toc>