﻿<?xml version="1.0" encoding="utf-8"?><toc><breadcrumbs><li><a href="d75eb659-6335-53f6-af7a-81814a21ab7f.htm">Docs</a></li><li><a href="d75eb659-6335-53f6-af7a-81814a21ab7f.htm">Contatcs</a></li><li><a href="9b3d7abf-dec1-7845-b3dd-f494617ffb28.htm">Gestion<wbr />Absences.<wbr />Win<wbr />Forms.<wbr />view</a></li><li><a href="20cf3b6b-aa00-a721-d785-4e9c4db09d08.htm">Form<wbr />Ajout<wbr />Personnel</a></li><li><a href="c8fc5295-4c06-18ee-1426-9c7cb7f6dfe2.htm">Fields</a></li></breadcrumbs><tocItems><li><a id="a609d16a-6f67-54c5-bdcd-cdda0b0ae6a4" href="a609d16a-6f67-54c5-bdcd-cdda0b0ae6a4.htm">btn<wbr />Enregistrer</a></li><li><a id="fdadb318-4389-38ce-6c7c-8e2a25ac675d" href="fdadb318-4389-38ce-6c7c-8e2a25ac675d.htm">button<wbr />2</a></li><li><a id="79f4fade-59a3-efe0-2bdf-976ef1cc4c7e" href="79f4fade-59a3-efe0-2bdf-976ef1cc4c7e.htm">combo<wbr />Box<wbr />Service</a></li><li><a id="d741ad3a-6d05-363f-8f0d-cda896176473" href="d741ad3a-6d05-363f-8f0d-cda896176473.htm">components</a></li><li><a id="4d87e86b-0f20-defa-3103-eb4d49547444" href="4d87e86b-0f20-defa-3103-eb4d49547444.htm">label<wbr />1</a></li><li><a id="2b7f4d05-f500-ea73-3063-747a3f0bb151" href="2b7f4d05-f500-ea73-3063-747a3f0bb151.htm">label<wbr />2</a></li><li><a id="433be7bf-407e-17f7-7bcd-a816e24e0b17" href="433be7bf-407e-17f7-7bcd-a816e24e0b17.htm">label<wbr />3</a></li><li><a id="b9a6848f-ce6c-b444-237e-88207517c4bb" href="b9a6848f-ce6c-b444-237e-88207517c4bb.htm">label<wbr />4</a></li><li><a id="4f39d863-4c41-4cfb-a28e-ea9cab9da146" href="4f39d863-4c41-4cfb-a28e-ea9cab9da146.htm">label<wbr />5</a></li><li><a id="3bfe0fa4-ceb8-d422-fa06-ed74978f413b" href="3bfe0fa4-ceb8-d422-fa06-ed74978f413b.htm">label<wbr />6</a></li><li><a id="d2548e52-6de3-4d77-15e2-9d89a6843f12" href="d2548e52-6de3-4d77-15e2-9d89a6843f12.htm">lbl<wbr />Erreur</a></li><li><a id="ecb64d4a-e7dd-4754-f3ed-d72a1c5962c6" href="ecb64d4a-e7dd-4754-f3ed-d72a1c5962c6.htm">txt<wbr />Mail</a></li><li><a id="08fe82c8-7c47-4dfa-a65f-1425c0f8e1d9" href="08fe82c8-7c47-4dfa-a65f-1425c0f8e1d9.htm">txt<wbr />Nom</a></li><li><a id="c5c13baa-50c9-f9d0-3808-cb59dc4fef9d" href="c5c13baa-50c9-f9d0-3808-cb59dc4fef9d.htm">txt<wbr />Prenom</a></li><li><a id="07feb957-5b69-6341-fba4-4ca12851316b" href="07feb957-5b69-6341-fba4-4ca12851316b.htm">txt<wbr />Tel</a></li></tocItems></toc>