﻿<?xml version="1.0" encoding="utf-8"?><toc><breadcrumbs><li><a href="d75eb659-6335-53f6-af7a-81814a21ab7f.htm">Docs</a></li><li><a href="d75eb659-6335-53f6-af7a-81814a21ab7f.htm">Contatcs</a></li><li><a href="9b3d7abf-dec1-7845-b3dd-f494617ffb28.htm">Gestion<wbr />Absences.<wbr />Win<wbr />Forms.<wbr />view</a></li><li><a href="279ae640-eb1b-98be-ef4f-14e3a9365821.htm">Form<wbr />Connexion</a></li><li><a href="d3f82b43-8ec8-017b-c382-f49624fa6b39.htm">Fields</a></li></breadcrumbs><tocItems><li><a id="b83f91b7-0191-7bf4-6aed-9bf12e356c77" href="b83f91b7-0191-7bf4-6aed-9bf12e356c77.htm">btn<wbr />Login</a></li><li><a id="cae8e19c-cc14-a4d3-398c-219af540a823" href="cae8e19c-cc14-a4d3-398c-219af540a823.htm">btn<wbr />Toggle<wbr />Pwd</a></li><li><a id="377d128b-bea2-a6da-6d5c-81f10af01939" href="377d128b-bea2-a6da-6d5c-81f10af01939.htm">components</a></li><li><a id="03215f0f-5297-f7b9-559c-ab483eaa0e53" href="03215f0f-5297-f7b9-559c-ab483eaa0e53.htm">label<wbr />1</a></li><li><a id="e4ed763f-bae0-ffd5-95c7-1c438da0d2e1" href="e4ed763f-bae0-ffd5-95c7-1c438da0d2e1.htm">label<wbr />2</a></li><li><a id="2499ab0b-060f-7bd7-f4aa-cba484b795f4" href="2499ab0b-060f-7bd7-f4aa-cba484b795f4.htm">label<wbr />3</a></li><li><a id="a3a42fc8-c95d-aace-6124-5a8936a19153" href="a3a42fc8-c95d-aace-6124-5a8936a19153.htm">label<wbr />4</a></li><li><a id="9d183911-e63a-ce7b-784a-2ea188fb1978" href="9d183911-e63a-ce7b-784a-2ea188fb1978.htm">label<wbr />5</a></li><li><a id="068720e6-2047-a67b-d18e-d974a21110be" href="068720e6-2047-a67b-d18e-d974a21110be.htm">lbl<wbr />Message</a></li><li><a id="9f2fa7af-14c8-291c-b070-2a501fb8a6b4" href="9f2fa7af-14c8-291c-b070-2a501fb8a6b4.htm">password<wbr />Visible</a></li><li><a id="af3139f2-88c4-070a-5fe4-9bff033b0034" href="af3139f2-88c4-070a-5fe4-9bff033b0034.htm">txt<wbr />Login</a></li><li><a id="cf9db29b-3be6-27d3-3249-ed17ea817032" href="cf9db29b-3be6-27d3-3249-ed17ea817032.htm">txt<wbr />Password</a></li><li><a id="f2b17130-21c9-0a65-465b-bb160d1ead54" href="f2b17130-21c9-0a65-465b-bb160d1ead54.htm">utilisateur<wbr />Dal</a></li></tocItems></toc>