﻿<?xml version="1.0" encoding="utf-8"?><toc><breadcrumbs><li><a href="d75eb659-6335-53f6-af7a-81814a21ab7f.htm">Docs</a></li><li><a href="d75eb659-6335-53f6-af7a-81814a21ab7f.htm">Contatcs</a></li><li><a href="450a8194-cd2b-59d3-d3b4-e51eb2cf18af.htm">Gestion<wbr />Absences.<wbr />Win<wbr />Forms.<wbr />dal</a></li><li><a href="30f086a2-dade-70cf-ae77-12d122bd104b.htm">Service<wbr />Dal</a></li></breadcrumbs><tocItems><li><a id="83d000dc-0cba-19b2-3214-f1219ec35966" href="83d000dc-0cba-19b2-3214-f1219ec35966.htm">Constructor</a></li><li><a id="6436d0af-d8e1-cedb-50ec-a1f4d7e15a4a" class="has-submenu" href="6436d0af-d8e1-cedb-50ec-a1f4d7e15a4a.htm"><span data-tocFile="../toc/IDBEDA.xml" class="icon toggle" onclick="ToggleExpandCollapse(this); return false;"><i class="fa fa-angle-right"> </i></span>Methods</a><ul class="toc-menu is-hidden"> </ul></li><li><a id="e70bc4a5-a694-c08e-6b06-ad8d632a16b4" class="has-submenu" href="e70bc4a5-a694-c08e-6b06-ad8d632a16b4.htm"><span data-tocFile="../toc/IDCEDA.xml" class="icon toggle" onclick="ToggleExpandCollapse(this); return false;"><i class="fa fa-angle-right"> </i></span>Fields</a><ul class="toc-menu is-hidden"> </ul></li></tocItems></toc>