﻿<?xml version="1.0" encoding="utf-8"?><toc><breadcrumbs><li><a href="d75eb659-6335-53f6-af7a-81814a21ab7f.htm">Docs</a></li><li><a href="d75eb659-6335-53f6-af7a-81814a21ab7f.htm">Contatcs</a></li><li><a href="9b3d7abf-dec1-7845-b3dd-f494617ffb28.htm">Gestion<wbr />Absences.<wbr />Win<wbr />Forms.<wbr />view</a></li><li><a href="f3b089a1-7867-d473-a390-54f1d8f4e397.htm">Form<wbr />Modifier<wbr />Absence</a></li><li><a href="a15bfeb1-238d-06ff-a9ab-67e07a386676.htm">Fields</a></li></breadcrumbs><tocItems><li><a id="6f014484-74c1-416d-ce32-d781bc044892" href="6f014484-74c1-416d-ce32-d781bc044892.htm">absence</a></li><li><a id="c76bc0d5-e943-2ab9-87ad-5390582b6c0f" href="c76bc0d5-e943-2ab9-87ad-5390582b6c0f.htm">btn<wbr />Annuler</a></li><li><a id="af8e393a-0a97-62d8-3061-1f3ebcab2bba" href="af8e393a-0a97-62d8-3061-1f3ebcab2bba.htm">btn<wbr />Enregistrer</a></li><li><a id="f6093e0f-7cfa-d56b-690f-e704730ad704" href="f6093e0f-7cfa-d56b-690f-e704730ad704.htm">combo<wbr />Box<wbr />Motif</a></li><li><a id="60995d19-fa56-5f8c-c312-90c5e0ee7ade" href="60995d19-fa56-5f8c-c312-90c5e0ee7ade.htm">components</a></li><li><a id="9b361bd7-6fc9-93ad-7492-55b7e1c69e99" href="9b361bd7-6fc9-93ad-7492-55b7e1c69e99.htm">date<wbr />Time<wbr />Picker<wbr />Debut</a></li><li><a id="8a15a5f8-eb22-f798-3f84-579cdff1e4fa" href="8a15a5f8-eb22-f798-3f84-579cdff1e4fa.htm">date<wbr />Time<wbr />Picker<wbr />Fin</a></li><li><a id="85da42d9-511d-7b0f-521c-797b8dc119f0" href="85da42d9-511d-7b0f-521c-797b8dc119f0.htm">label<wbr />1</a></li><li><a id="90b2b35c-5cbe-8b13-1c82-d79310b67428" href="90b2b35c-5cbe-8b13-1c82-d79310b67428.htm">label<wbr />2</a></li><li><a id="4d29d8bc-6aad-ca52-9f36-31dba356c4ae" href="4d29d8bc-6aad-ca52-9f36-31dba356c4ae.htm">label<wbr />3</a></li><li><a id="03b643d8-ba51-1848-a322-5d10b047a63e" href="03b643d8-ba51-1848-a322-5d10b047a63e.htm">label<wbr />4</a></li><li><a id="ff81aed1-7654-3b86-31c5-7acc6a51dcbc" href="ff81aed1-7654-3b86-31c5-7acc6a51dcbc.htm">lbl<wbr />Erreur</a></li></tocItems></toc>