﻿<?xml version="1.0" encoding="utf-8"?><toc><breadcrumbs><li><a href="d75eb659-6335-53f6-af7a-81814a21ab7f.htm">Docs</a></li><li><a href="d75eb659-6335-53f6-af7a-81814a21ab7f.htm">Contatcs</a></li><li><a href="9b3d7abf-dec1-7845-b3dd-f494617ffb28.htm">Gestion<wbr />Absences.<wbr />Win<wbr />Forms.<wbr />view</a></li><li><a href="88979669-ed67-f45c-0ca9-ee8d8b339e3c.htm">Form<wbr />Modifier<wbr />Personnel</a></li><li><a href="e67b86d8-a1d7-97d8-3fad-5d6e92f84005.htm">Fields</a></li></breadcrumbs><tocItems><li><a id="463c7e28-5120-1e02-9f4b-50139147de0e" href="463c7e28-5120-1e02-9f4b-50139147de0e.htm">btn<wbr />Enregistrer</a></li><li><a id="fe990522-44e4-cb65-5e66-73bcb4f0102b" href="fe990522-44e4-cb65-5e66-73bcb4f0102b.htm">button<wbr />2</a></li><li><a id="ddb0135b-6b0c-f41c-e1d0-b4dc16d1aa2a" href="ddb0135b-6b0c-f41c-e1d0-b4dc16d1aa2a.htm">combo<wbr />Box<wbr />Service</a></li><li><a id="69d1ef87-8655-bd9b-f22e-36c93e1eb453" href="69d1ef87-8655-bd9b-f22e-36c93e1eb453.htm">components</a></li><li><a id="5fe129eb-c3ad-5a2f-38fe-e880c91996fd" href="5fe129eb-c3ad-5a2f-38fe-e880c91996fd.htm">label<wbr />1</a></li><li><a id="eb9a0f74-ad31-3ef0-f4ff-678a4f7f88d8" href="eb9a0f74-ad31-3ef0-f4ff-678a4f7f88d8.htm">label<wbr />2</a></li><li><a id="c9f8d2dc-8c29-95c4-ac5b-6cd68b251e57" href="c9f8d2dc-8c29-95c4-ac5b-6cd68b251e57.htm">label<wbr />3</a></li><li><a id="0097aa4d-ffb0-3b63-8326-6144c1745a92" href="0097aa4d-ffb0-3b63-8326-6144c1745a92.htm">label<wbr />4</a></li><li><a id="98702c5c-1033-e52c-66d7-b0979621891b" href="98702c5c-1033-e52c-66d7-b0979621891b.htm">label<wbr />5</a></li><li><a id="43809c62-f1f8-054f-6a0b-355f162d712b" href="43809c62-f1f8-054f-6a0b-355f162d712b.htm">label<wbr />6</a></li><li><a id="62d1c9e1-5d71-91cb-a8d0-2dd23784e836" href="62d1c9e1-5d71-91cb-a8d0-2dd23784e836.htm">lbl<wbr />Erreur</a></li><li><a id="d3fddd54-8c97-7df4-dc7b-f6b95a67a300" href="d3fddd54-8c97-7df4-dc7b-f6b95a67a300.htm">personnel</a></li><li><a id="bd747496-bc71-e784-a337-783068a22bf4" href="bd747496-bc71-e784-a337-783068a22bf4.htm">txt<wbr />Mail</a></li><li><a id="7013e74a-d1d5-b00a-96f8-ab05b00265bc" href="7013e74a-d1d5-b00a-96f8-ab05b00265bc.htm">txt<wbr />Nom</a></li><li><a id="a30b4153-0837-75b5-5afa-b01f401d0945" href="a30b4153-0837-75b5-5afa-b01f401d0945.htm">txt<wbr />Prenom</a></li><li><a id="129c223c-4581-fbed-0998-da023a39c794" href="129c223c-4581-fbed-0998-da023a39c794.htm">txt<wbr />Tel</a></li></tocItems></toc>