﻿<?xml version="1.0" encoding="utf-8"?><toc><breadcrumbs><li><a href="d75eb659-6335-53f6-af7a-81814a21ab7f.htm">Docs</a></li><li><a href="d75eb659-6335-53f6-af7a-81814a21ab7f.htm">Contatcs</a></li><li><a href="3e672d5a-d506-a9dc-6869-baee97e0c170.htm">Gestion<wbr />Absences.<wbr />Win<wbr />Forms.<wbr />Modele</a></li><li><a href="a11e5a75-0a47-c348-120c-b4cca4dc4bb2.htm">Service</a></li></breadcrumbs><tocItems><li><a id="fb703ab7-ce5c-2b41-8a68-b0d5a5f209f5" href="fb703ab7-ce5c-2b41-8a68-b0d5a5f209f5.htm">Constructor</a></li><li><a id="08abf507-ca02-8458-1242-702715636614" class="has-submenu" href="08abf507-ca02-8458-1242-702715636614.htm"><span data-tocFile="../toc/IDBEFA.xml" class="icon toggle" onclick="ToggleExpandCollapse(this); return false;"><i class="fa fa-angle-right"> </i></span>Properties</a><ul class="toc-menu is-hidden"> </ul></li><li><a id="1ffcb6b6-eaab-ada7-1916-1f5496f49fdb" href="1ffcb6b6-eaab-ada7-1916-1f5496f49fdb.htm">Methods</a></li></tocItems></toc>