﻿<?xml version="1.0" encoding="utf-8"?><toc><breadcrumbs><li><a href="d75eb659-6335-53f6-af7a-81814a21ab7f.htm">Docs</a></li><li><a href="d75eb659-6335-53f6-af7a-81814a21ab7f.htm">Contatcs</a></li><li><a href="9b3d7abf-dec1-7845-b3dd-f494617ffb28.htm">Gestion<wbr />Absences.<wbr />Win<wbr />Forms.<wbr />view</a></li><li><a href="67b8c482-c1c9-73d2-b713-13dcc815a837.htm">Form<wbr />Personnel</a></li><li><a href="14216659-0ff1-fb30-856e-14b47490264d.htm">Fields</a></li></breadcrumbs><tocItems><li><a id="7f590018-ca3c-bded-6041-5661d54e0edb" href="7f590018-ca3c-bded-6041-5661d54e0edb.htm">btn<wbr />Absences</a></li><li><a id="7fbbd268-bd1e-0e3e-f6b5-ef665767bacf" href="7fbbd268-bd1e-0e3e-f6b5-ef665767bacf.htm">btn<wbr />Absences<wbr />Tous</a></li><li><a id="dfa2ec10-1e0e-d7bd-d45b-ccca947bddc2" href="dfa2ec10-1e0e-d7bd-d45b-ccca947bddc2.htm">btn<wbr />Ajouter</a></li><li><a id="53ef4c25-d42e-a05f-e6cd-c7ddaff7c34b" href="53ef4c25-d42e-a05f-e6cd-c7ddaff7c34b.htm">btn<wbr />Modifier</a></li><li><a id="484ad164-1684-6bd7-cc47-06f69c0c77d6" href="484ad164-1684-6bd7-cc47-06f69c0c77d6.htm">btn<wbr />Supprimer</a></li><li><a id="efe499ff-9248-170d-afed-9da100478a48" href="efe499ff-9248-170d-afed-9da100478a48.htm">components</a></li><li><a id="b1e7f802-104f-7c4b-9030-c06269693103" href="b1e7f802-104f-7c4b-9030-c06269693103.htm">Data<wbr />Grid<wbr />View</a></li><li><a id="a21e2149-ebbc-20eb-9713-ace509729d6d" href="a21e2149-ebbc-20eb-9713-ace509729d6d.htm">label<wbr />4</a></li></tocItems></toc>