﻿<?xml version="1.0" encoding="utf-8"?><toc><breadcrumbs><li><a href="d75eb659-6335-53f6-af7a-81814a21ab7f.htm">Docs</a></li><li><a href="d75eb659-6335-53f6-af7a-81814a21ab7f.htm">Contatcs</a></li><li><a href="9b3d7abf-dec1-7845-b3dd-f494617ffb28.htm">Gestion<wbr />Absences.<wbr />Win<wbr />Forms.<wbr />view</a></li><li><a href="ffde8865-d9d4-6ded-fc1b-54693a261083.htm">Form<wbr />Toute<wbr />Absences</a></li><li><a href="d692c3b0-5662-1364-0d88-983976183a3e.htm">Fields</a></li></breadcrumbs><tocItems><li><a id="44ec71e9-1724-fd96-0ee5-88b7b6e6c169" href="44ec71e9-1724-fd96-0ee5-88b7b6e6c169.htm">components</a></li><li><a id="ec810767-b97b-0e73-5a01-9ebc57c4b2c4" href="ec810767-b97b-0e73-5a01-9ebc57c4b2c4.htm">data<wbr />Grid<wbr />View<wbr />Absences</a></li><li><a id="29e47a0b-d3f7-6940-c571-6cc49e970e67" href="29e47a0b-d3f7-6940-c571-6cc49e970e67.htm">label<wbr />3</a></li><li><a id="5e0ebba9-5ee9-e902-4d0a-bd62347f03d8" href="5e0ebba9-5ee9-e902-4d0a-bd62347f03d8.htm">label<wbr />4</a></li></tocItems></toc>