﻿<?xml version="1.0" encoding="utf-8"?><toc><breadcrumbs><li><a href="d75eb659-6335-53f6-af7a-81814a21ab7f.htm">Docs</a></li><li><a href="d75eb659-6335-53f6-af7a-81814a21ab7f.htm">Contatcs</a></li><li><a href="9b3d7abf-dec1-7845-b3dd-f494617ffb28.htm">Gestion<wbr />Absences.<wbr />Win<wbr />Forms.<wbr />view</a></li><li><a href="f3b089a1-7867-d473-a390-54f1d8f4e397.htm">Form<wbr />Modifier<wbr />Absence</a></li></breadcrumbs><tocItems><li><a id="5b419000-3d31-00d7-2a02-7f6ca7cfc420" href="5b419000-3d31-00d7-2a02-7f6ca7cfc420.htm">Constructor</a></li><li><a id="2ab5437b-20c1-be35-6ad7-4a31c5d85546" href="2ab5437b-20c1-be35-6ad7-4a31c5d85546.htm">Properties</a></li><li><a id="c3b713ce-a315-375a-d3b8-9485fbf30db6" class="has-submenu" href="c3b713ce-a315-375a-d3b8-9485fbf30db6.htm"><span data-tocFile="../toc/IDCEHA.xml" class="icon toggle" onclick="ToggleExpandCollapse(this); return false;"><i class="fa fa-angle-right"> </i></span>Methods</a><ul class="toc-menu is-hidden"> </ul></li><li><a id="d6320d21-8217-861e-58f3-f33c9d7375ec" href="d6320d21-8217-861e-58f3-f33c9d7375ec.htm">Events</a></li><li><a id="a15bfeb1-238d-06ff-a9ab-67e07a386676" class="has-submenu" href="a15bfeb1-238d-06ff-a9ab-67e07a386676.htm"><span data-tocFile="../toc/IDEEHA.xml" class="icon toggle" onclick="ToggleExpandCollapse(this); return false;"><i class="fa fa-angle-right"> </i></span>Fields</a><ul class="toc-menu is-hidden"> </ul></li></tocItems></toc>