﻿<?xml version="1.0" encoding="utf-8"?><toc><breadcrumbs><li><a href="d75eb659-6335-53f6-af7a-81814a21ab7f.htm">Docs</a></li><li><a href="d75eb659-6335-53f6-af7a-81814a21ab7f.htm">Contatcs</a></li><li><a href="3e672d5a-d506-a9dc-6869-baee97e0c170.htm">Gestion<wbr />Absences.<wbr />Win<wbr />Forms.<wbr />Modele</a></li></breadcrumbs><tocItems><li><a id="04fa564c-e4f2-4fe4-9bcf-0446ade1cec4" class="has-submenu" href="04fa564c-e4f2-4fe4-9bcf-0446ade1cec4.htm"><span data-tocFile="../toc/IDAFA.xml" class="icon toggle" onclick="ToggleExpandCollapse(this); return false;"><i class="fa fa-angle-right"> </i></span>Absence</a><ul class="toc-menu is-hidden"> </ul></li><li><a id="d737925b-3610-3cd9-b7bc-f80c1b2fdf03" class="has-submenu" href="d737925b-3610-3cd9-b7bc-f80c1b2fdf03.htm"><span data-tocFile="../toc/IDBFA.xml" class="icon toggle" onclick="ToggleExpandCollapse(this); return false;"><i class="fa fa-angle-right"> </i></span>Motif</a><ul class="toc-menu is-hidden"> </ul></li><li><a id="eb42148f-60f5-27a7-08db-7c9d8188039c" class="has-submenu" href="eb42148f-60f5-27a7-08db-7c9d8188039c.htm"><span data-tocFile="../toc/IDCFA.xml" class="icon toggle" onclick="ToggleExpandCollapse(this); return false;"><i class="fa fa-angle-right"> </i></span>Personnel</a><ul class="toc-menu is-hidden"> </ul></li><li><a id="093ed7bf-ff30-c5b0-d017-cd84c52cf040" class="has-submenu" href="093ed7bf-ff30-c5b0-d017-cd84c52cf040.htm"><span data-tocFile="../toc/IDDFA.xml" class="icon toggle" onclick="ToggleExpandCollapse(this); return false;"><i class="fa fa-angle-right"> </i></span>Responsable</a><ul class="toc-menu is-hidden"> </ul></li><li><a id="a11e5a75-0a47-c348-120c-b4cca4dc4bb2" class="has-submenu" href="a11e5a75-0a47-c348-120c-b4cca4dc4bb2.htm"><span data-tocFile="../toc/IDEFA.xml" class="icon toggle" onclick="ToggleExpandCollapse(this); return false;"><i class="fa fa-angle-right"> </i></span>Service</a><ul class="toc-menu is-hidden"> </ul></li></tocItems></toc>