﻿<?xml version="1.0" encoding="utf-8"?><toc><breadcrumbs><li><a href="d75eb659-6335-53f6-af7a-81814a21ab7f.htm">Docs</a></li><li><a href="d75eb659-6335-53f6-af7a-81814a21ab7f.htm">Contatcs</a></li><li><a href="9b3d7abf-dec1-7845-b3dd-f494617ffb28.htm">Gestion<wbr />Absences.<wbr />Win<wbr />Forms.<wbr />view</a></li><li><a href="ff038452-95f7-66c8-9001-7277fe595ffa.htm">Form<wbr />Absence</a></li><li><a href="ef8a627f-1e71-cf52-05fa-12aa7b35a19a.htm">Methods</a></li><li><a href="05fc21bf-e913-4baf-3210-223bef1bdb32.htm">Dispose</a></li></breadcrumbs><tocItems><li><a id="3d7c1e9e-1288-4fa5-6cca-0f3c5c46376c" href="3d7c1e9e-1288-4fa5-6cca-0f3c5c46376c.htm">Dispose(<wbr />Boolean)</a></li></tocItems></toc>