﻿<?xml version="1.0" encoding="utf-8"?><toc><breadcrumbs><li><a href="d75eb659-6335-53f6-af7a-81814a21ab7f.htm">Docs</a></li><li><a href="d75eb659-6335-53f6-af7a-81814a21ab7f.htm">Contatcs</a></li><li><a href="450a8194-cd2b-59d3-d3b4-e51eb2cf18af.htm">Gestion<wbr />Absences.<wbr />Win<wbr />Forms.<wbr />dal</a></li><li><a href="9e13573d-78de-b3d2-41c2-d155aca9b652.htm">Utilisateur<wbr />Dal</a></li></breadcrumbs><tocItems><li><a id="2aafecf6-ccaa-526b-25f4-16f976b8f6e1" href="2aafecf6-ccaa-526b-25f4-16f976b8f6e1.htm">Constructor</a></li><li><a id="3489ca1b-3511-9d9f-e8a1-c3b7009a0b55" href="3489ca1b-3511-9d9f-e8a1-c3b7009a0b55.htm">Properties</a></li><li><a id="c0d42705-84bf-1751-4507-34d35f88eaa8" class="has-submenu" href="c0d42705-84bf-1751-4507-34d35f88eaa8.htm"><span data-tocFile="../toc/IDCFDA.xml" class="icon toggle" onclick="ToggleExpandCollapse(this); return false;"><i class="fa fa-angle-right"> </i></span>Methods</a><ul class="toc-menu is-hidden"> </ul></li></tocItems></toc>