﻿<?xml version="1.0" encoding="utf-8"?><toc><breadcrumbs><li><a href="d75eb659-6335-53f6-af7a-81814a21ab7f.htm">Docs</a></li><li><a href="d75eb659-6335-53f6-af7a-81814a21ab7f.htm">Contatcs</a></li><li><a href="9b3d7abf-dec1-7845-b3dd-f494617ffb28.htm">Gestion<wbr />Absences.<wbr />Win<wbr />Forms.<wbr />view</a></li><li><a href="88979669-ed67-f45c-0ca9-ee8d8b339e3c.htm">Form<wbr />Modifier<wbr />Personnel</a></li></breadcrumbs><tocItems><li><a id="cffef5ba-595a-aaa4-f4cf-ad308fe6640c" href="cffef5ba-595a-aaa4-f4cf-ad308fe6640c.htm">Constructor</a></li><li><a id="61d613e4-7dd9-47e9-a12e-e752980cd36d" href="61d613e4-7dd9-47e9-a12e-e752980cd36d.htm">Properties</a></li><li><a id="1f9cd39f-3dbc-b2fd-e75b-308299cf2e78" class="has-submenu" href="1f9cd39f-3dbc-b2fd-e75b-308299cf2e78.htm"><span data-tocFile="../toc/IDCFHA.xml" class="icon toggle" onclick="ToggleExpandCollapse(this); return false;"><i class="fa fa-angle-right"> </i></span>Methods</a><ul class="toc-menu is-hidden"> </ul></li><li><a id="04180156-b30f-2f94-c003-5360cb583cd1" href="04180156-b30f-2f94-c003-5360cb583cd1.htm">Events</a></li><li><a id="e67b86d8-a1d7-97d8-3fad-5d6e92f84005" class="has-submenu" href="e67b86d8-a1d7-97d8-3fad-5d6e92f84005.htm"><span data-tocFile="../toc/IDEFHA.xml" class="icon toggle" onclick="ToggleExpandCollapse(this); return false;"><i class="fa fa-angle-right"> </i></span>Fields</a><ul class="toc-menu is-hidden"> </ul></li></tocItems></toc>