﻿<?xml version="1.0" encoding="utf-8"?><toc><breadcrumbs><li><a href="d75eb659-6335-53f6-af7a-81814a21ab7f.htm">Docs</a></li><li><a href="d75eb659-6335-53f6-af7a-81814a21ab7f.htm">Contatcs</a></li><li><a href="9b3d7abf-dec1-7845-b3dd-f494617ffb28.htm">Gestion<wbr />Absences.<wbr />Win<wbr />Forms.<wbr />view</a></li><li><a href="67b8c482-c1c9-73d2-b713-13dcc815a837.htm">Form<wbr />Personnel</a></li></breadcrumbs><tocItems><li><a id="e7abee20-0d1f-982d-1690-6cf0fc955193" href="e7abee20-0d1f-982d-1690-6cf0fc955193.htm">Constructor</a></li><li><a id="c3265d8c-1fc1-b599-09d8-2235781784bd" href="c3265d8c-1fc1-b599-09d8-2235781784bd.htm">Properties</a></li><li><a id="5c44812f-06bf-3876-d468-18f96d3d3d42" class="has-submenu" href="5c44812f-06bf-3876-d468-18f96d3d3d42.htm"><span data-tocFile="../toc/IDCGHA.xml" class="icon toggle" onclick="ToggleExpandCollapse(this); return false;"><i class="fa fa-angle-right"> </i></span>Methods</a><ul class="toc-menu is-hidden"> </ul></li><li><a id="eab724ec-9d9c-cb34-326a-b89af90175ef" href="eab724ec-9d9c-cb34-326a-b89af90175ef.htm">Events</a></li><li><a id="14216659-0ff1-fb30-856e-14b47490264d" class="has-submenu" href="14216659-0ff1-fb30-856e-14b47490264d.htm"><span data-tocFile="../toc/IDEGHA.xml" class="icon toggle" onclick="ToggleExpandCollapse(this); return false;"><i class="fa fa-angle-right"> </i></span>Fields</a><ul class="toc-menu is-hidden"> </ul></li></tocItems></toc>