﻿<?xml version="1.0" encoding="utf-8"?><toc><breadcrumbs><li><a href="d75eb659-6335-53f6-af7a-81814a21ab7f.htm">Docs</a></li><li><a href="d75eb659-6335-53f6-af7a-81814a21ab7f.htm">Contatcs</a></li><li><a href="9b3d7abf-dec1-7845-b3dd-f494617ffb28.htm">Gestion<wbr />Absences.<wbr />Win<wbr />Forms.<wbr />view</a></li></breadcrumbs><tocItems><li><a id="ff038452-95f7-66c8-9001-7277fe595ffa" class="has-submenu" href="ff038452-95f7-66c8-9001-7277fe595ffa.htm"><span data-tocFile="../toc/IDAHA.xml" class="icon toggle" onclick="ToggleExpandCollapse(this); return false;"><i class="fa fa-angle-right"> </i></span>Form<wbr />Absence</a><ul class="toc-menu is-hidden"> </ul></li><li><a id="5938545f-3d6c-c604-1802-68d764119ac3" class="has-submenu" href="5938545f-3d6c-c604-1802-68d764119ac3.htm"><span data-tocFile="../toc/IDBHA.xml" class="icon toggle" onclick="ToggleExpandCollapse(this); return false;"><i class="fa fa-angle-right"> </i></span>Form<wbr />Ajout<wbr />Absence</a><ul class="toc-menu is-hidden"> </ul></li><li><a id="20cf3b6b-aa00-a721-d785-4e9c4db09d08" class="has-submenu" href="20cf3b6b-aa00-a721-d785-4e9c4db09d08.htm"><span data-tocFile="../toc/IDCHA.xml" class="icon toggle" onclick="ToggleExpandCollapse(this); return false;"><i class="fa fa-angle-right"> </i></span>Form<wbr />Ajout<wbr />Personnel</a><ul class="toc-menu is-hidden"> </ul></li><li><a id="279ae640-eb1b-98be-ef4f-14e3a9365821" class="has-submenu" href="279ae640-eb1b-98be-ef4f-14e3a9365821.htm"><span data-tocFile="../toc/IDDHA.xml" class="icon toggle" onclick="ToggleExpandCollapse(this); return false;"><i class="fa fa-angle-right"> </i></span>Form<wbr />Connexion</a><ul class="toc-menu is-hidden"> </ul></li><li><a id="f3b089a1-7867-d473-a390-54f1d8f4e397" class="has-submenu" href="f3b089a1-7867-d473-a390-54f1d8f4e397.htm"><span data-tocFile="../toc/IDEHA.xml" class="icon toggle" onclick="ToggleExpandCollapse(this); return false;"><i class="fa fa-angle-right"> </i></span>Form<wbr />Modifier<wbr />Absence</a><ul class="toc-menu is-hidden"> </ul></li><li><a id="88979669-ed67-f45c-0ca9-ee8d8b339e3c" class="has-submenu" href="88979669-ed67-f45c-0ca9-ee8d8b339e3c.htm"><span data-tocFile="../toc/IDFHA.xml" class="icon toggle" onclick="ToggleExpandCollapse(this); return false;"><i class="fa fa-angle-right"> </i></span>Form<wbr />Modifier<wbr />Personnel</a><ul class="toc-menu is-hidden"> </ul></li><li><a id="67b8c482-c1c9-73d2-b713-13dcc815a837" class="has-submenu" href="67b8c482-c1c9-73d2-b713-13dcc815a837.htm"><span data-tocFile="../toc/IDGHA.xml" class="icon toggle" onclick="ToggleExpandCollapse(this); return false;"><i class="fa fa-angle-right"> </i></span>Form<wbr />Personnel</a><ul class="toc-menu is-hidden"> </ul></li><li><a id="ffde8865-d9d4-6ded-fc1b-54693a261083" class="has-submenu" href="ffde8865-d9d4-6ded-fc1b-54693a261083.htm"><span data-tocFile="../toc/IDHHA.xml" class="icon toggle" onclick="ToggleExpandCollapse(this); return false;"><i class="fa fa-angle-right"> </i></span>Form<wbr />Toute<wbr />Absences</a><ul class="toc-menu is-hidden"> </ul></li></tocItems></toc>