﻿<?xml version="1.0" encoding="utf-8"?><toc><breadcrumbs><li><a href="d75eb659-6335-53f6-af7a-81814a21ab7f.htm">Docs</a></li><li><a href="d75eb659-6335-53f6-af7a-81814a21ab7f.htm">Contatcs</a></li><li><a href="9b3d7abf-dec1-7845-b3dd-f494617ffb28.htm">Gestion<wbr />Absences.<wbr />Win<wbr />Forms.<wbr />view</a></li><li><a href="67b8c482-c1c9-73d2-b713-13dcc815a837.htm">Form<wbr />Personnel</a></li><li><a href="5c44812f-06bf-3876-d468-18f96d3d3d42.htm">Methods</a></li><li><a href="ce8308df-4fe5-4738-5a38-ea0eed161be6.htm">Dispose</a></li></breadcrumbs><tocItems><li><a id="15d8f49a-f846-dff0-e1d7-3f4130c11ae4" href="15d8f49a-f846-dff0-e1d7-3f4130c11ae4.htm">Dispose(<wbr />Boolean)</a></li></tocItems></toc>