﻿<?xml version="1.0" encoding="utf-8"?><toc><breadcrumbs><li><a href="d75eb659-6335-53f6-af7a-81814a21ab7f.htm">Docs</a></li><li><a href="d75eb659-6335-53f6-af7a-81814a21ab7f.htm">Contatcs</a></li><li><a href="9b3d7abf-dec1-7845-b3dd-f494617ffb28.htm">Gestion<wbr />Absences.<wbr />Win<wbr />Forms.<wbr />view</a></li><li><a href="ffde8865-d9d4-6ded-fc1b-54693a261083.htm">Form<wbr />Toute<wbr />Absences</a></li></breadcrumbs><tocItems><li><a id="81c7a702-3418-b593-f820-1afcf50a9047" href="81c7a702-3418-b593-f820-1afcf50a9047.htm">Constructor</a></li><li><a id="ba95185d-4ab8-8bd1-6782-1d0ac69a5375" href="ba95185d-4ab8-8bd1-6782-1d0ac69a5375.htm">Properties</a></li><li><a id="c52faf34-16bd-500e-e68a-57398f19fd80" class="has-submenu" href="c52faf34-16bd-500e-e68a-57398f19fd80.htm"><span data-tocFile="../toc/IDCHHA.xml" class="icon toggle" onclick="ToggleExpandCollapse(this); return false;"><i class="fa fa-angle-right"> </i></span>Methods</a><ul class="toc-menu is-hidden"> </ul></li><li><a id="7b8cb137-ab51-38bc-282c-2b626aac02e7" href="7b8cb137-ab51-38bc-282c-2b626aac02e7.htm">Events</a></li><li><a id="d692c3b0-5662-1364-0d88-983976183a3e" class="has-submenu" href="d692c3b0-5662-1364-0d88-983976183a3e.htm"><span data-tocFile="../toc/IDEHHA.xml" class="icon toggle" onclick="ToggleExpandCollapse(this); return false;"><i class="fa fa-angle-right"> </i></span>Fields</a><ul class="toc-menu is-hidden"> </ul></li></tocItems></toc>